,source,target,time,subject
0,Kanon Herrero,"['Felix Resumir', 'Hideki Cocinaro', 'Inga Ferro', 'Varja Lagos', 'Kanon Herrero', 'Stenig Fusil', 'Hennie Osvaldo', 'Isia Vann', 'Edvard Vann', 'Loreto Bodrogi']",2014-01-06 08:58:00,Inspection request for site
1,Mat Bramar,"['Rachel Pantanal', 'Lars Azada', 'Felix Balas', 'Isande Borrasca', 'Axel Calzas', 'Gustav Cazar', 'Lidelse Dedos', 'Birgitta Frente', 'Vira Frente', 'Adra Nubarron', 'Marin Onda', 'Kare Orilla', 'Elsa Orilla', 'Brand Tempestad', 'Ingrid Barranco', 'Ada Campo-Corrente', 'Sten Sanjorge Jr', 'Orhan Strum', 'Willem Vasco-Pais', 'Bertrand Ovan', 'Albina Hafon', 'Benito Hawelon', 'Claudio Hawelon', 'Henk Mies', 'Valeria Morlun', 'Adan Morlun', 'Cecilia Morluniau', 'Irene Nant', 'Dylan Scozzese', 'Lucas Alcazar', 'Isak Baza', 'Linnea Bergen', 'Nils Calixto', 'Sven Flecha', 'Hideki Cocinaro', 'Inga Ferro', 'Loreto Bodrogi', 'Isia Vann', 'Stenig Fusil', 'Hennie Osvaldo', 'Kanon Herrero', 'Varja Lagos', 'Minke Mies', 'Felix Resumir', 'Edvard Vann', 'Emile Arpa', 'Varro Awelon', 'Mat Bramar', 'Dante Coginian', 'Carla Forluniau', 'Linda Lagos', 'Cornelia Lais', 'Ruscella Mies', 'Anda Ribera']",2014-01-06 09:49:00,Upcoming birthdays
2,Linnea Bergen,"['Rachel Pantanal', 'Lars Azada', 'Felix Balas', 'Isande Borrasca', 'Axel Calzas', 'Gustav Cazar', 'Lidelse Dedos', 'Birgitta Frente', 'Vira Frente', 'Adra Nubarron', 'Marin Onda', 'Kare Orilla', 'Elsa Orilla', 'Brand Tempestad', 'Ingrid Barranco', 'Ada Campo-Corrente', 'Sten Sanjorge Jr', 'Orhan Strum', 'Willem Vasco-Pais', 'Bertrand Ovan', 'Albina Hafon', 'Benito Hawelon', 'Claudio Hawelon', 'Henk Mies', 'Valeria Morlun', 'Adan Morlun', 'Cecilia Morluniau', 'Irene Nant', 'Dylan Scozzese', 'Lucas Alcazar', 'Isak Baza', 'Linnea Bergen', 'Nils Calixto', 'Sven Flecha', 'Hideki Cocinaro', 'Inga Ferro', 'Loreto Bodrogi', 'Isia Vann', 'Stenig Fusil', 'Hennie Osvaldo', 'Kanon Herrero', 'Varja Lagos', 'Minke Mies', 'Felix Resumir', 'Edvard Vann', 'Emile Arpa', 'Varro Awelon', 'Mat Bramar', 'Dante Coginian', 'Carla Forluniau', 'Linda Lagos', 'Cornelia Lais', 'Ruscella Mies', 'Anda Ribera']",2014-01-06 11:00:00,RE: Upcoming birthdays
3,Linnea Bergen,"['Rachel Pantanal', 'Lars Azada', 'Felix Balas', 'Isande Borrasca', 'Axel Calzas', 'Gustav Cazar', 'Lidelse Dedos', 'Birgitta Frente', 'Vira Frente', 'Adra Nubarron', 'Marin Onda', 'Kare Orilla', 'Elsa Orilla', 'Brand Tempestad', 'Ingrid Barranco', 'Ada Campo-Corrente', 'Sten Sanjorge Jr', 'Orhan Strum', 'Willem Vasco-Pais', 'Bertrand Ovan', 'Albina Hafon', 'Benito Hawelon', 'Claudio Hawelon', 'Henk Mies', 'Valeria Morlun', 'Adan Morlun', 'Cecilia Morluniau', 'Irene Nant', 'Dylan Scozzese', 'Lucas Alcazar', 'Isak Baza', 'Linnea Bergen', 'Nils Calixto', 'Sven Flecha', 'Hideki Cocinaro', 'Inga Ferro', 'Loreto Bodrogi', 'Isia Vann', 'Stenig Fusil', 'Hennie Osvaldo', 'Kanon Herrero', 'Varja Lagos', 'Minke Mies', 'Felix Resumir', 'Edvard Vann', 'Emile Arpa', 'Varro Awelon', 'Mat Bramar', 'Dante Coginian', 'Carla Forluniau', 'Linda Lagos', 'Cornelia Lais', 'Ruscella Mies', 'Anda Ribera']",2014-01-06 11:16:00,RE: Upcoming birthdays
4,Felix Resumir,"['Felix Resumir', 'Hideki Cocinaro', 'Inga Ferro', 'Varja Lagos', 'Kanon Herrero', 'Stenig Fusil', 'Hennie Osvaldo', 'Isia Vann', 'Edvard Vann', 'Loreto Bodrogi']",2014-01-06 13:08:00,RE: Inspection request for site
5,Mat Bramar,"['Rachel Pantanal', 'Lars Azada', 'Felix Balas', 'Isande Borrasca', 'Axel Calzas', 'Gustav Cazar', 'Lidelse Dedos', 'Birgitta Frente', 'Vira Frente', 'Adra Nubarron', 'Marin Onda', 'Kare Orilla', 'Elsa Orilla', 'Brand Tempestad', 'Ingrid Barranco', 'Ada Campo-Corrente', 'Sten Sanjorge Jr', 'Orhan Strum', 'Willem Vasco-Pais', 'Bertrand Ovan', 'Albina Hafon', 'Benito Hawelon', 'Claudio Hawelon', 'Henk Mies', 'Valeria Morlun', 'Adan Morlun', 'Cecilia Morluniau', 'Irene Nant', 'Dylan Scozzese', 'Lucas Alcazar', 'Isak Baza', 'Linnea Bergen', 'Nils Calixto', 'Sven Flecha', 'Hideki Cocinaro', 'Inga Ferro', 'Loreto Bodrogi', 'Isia Vann', 'Stenig Fusil', 'Hennie Osvaldo', 'Kanon Herrero', 'Varja Lagos', 'Minke Mies', 'Felix Resumir', 'Edvard Vann', 'Emile Arpa', 'Varro Awelon', 'Mat Bramar', 'Dante Coginian', 'Carla Forluniau', 'Linda Lagos', 'Cornelia Lais', 'Ruscella Mies', 'Anda Ribera']",2014-01-06 15:42:00,All staff announcement
6,Ruscella Mies,"['Rachel Pantanal', 'Lars Azada', 'Felix Balas', 'Isande Borrasca', 'Axel Calzas', 'Gustav Cazar', 'Lidelse Dedos', 'Birgitta Frente', 'Vira Frente', 'Adra Nubarron', 'Marin Onda', 'Kare Orilla', 'Elsa Orilla', 'Brand Tempestad', 'Ingrid Barranco', 'Ada Campo-Corrente', 'Sten Sanjorge Jr', 'Orhan Strum', 'Willem Vasco-Pais', 'Bertrand Ovan', 'Albina Hafon', 'Benito Hawelon', 'Claudio Hawelon', 'Henk Mies', 'Valeria Morlun', 'Adan Morlun', 'Cecilia Morluniau', 'Irene Nant', 'Dylan Scozzese', 'Lucas Alcazar', 'Isak Baza', 'Linnea Bergen', 'Nils Calixto', 'Sven Flecha', 'Hideki Cocinaro', 'Inga Ferro', 'Loreto Bodrogi', 'Isia Vann', 'Stenig Fusil', 'Hennie Osvaldo', 'Kanon Herrero', 'Varja Lagos', 'Minke Mies', 'Felix Resumir', 'Edvard Vann', 'Emile Arpa', 'Varro Awelon', 'Mat Bramar', 'Dante Coginian', 'Carla Forluniau', 'Linda Lagos', 'Cornelia Lais', 'Ruscella Mies', 'Anda Ribera']",2014-01-06 15:54:00,"Good morning, GasTech!"
7,Mat Bramar,"['Rachel Pantanal', 'Lars Azada', 'Felix Balas', 'Isande Borrasca', 'Axel Calzas', 'Gustav Cazar', 'Lidelse Dedos', 'Birgitta Frente', 'Vira Frente', 'Adra Nubarron', 'Marin Onda', 'Kare Orilla', 'Elsa Orilla', 'Brand Tempestad', 'Ingrid Barranco', 'Ada Campo-Corrente', 'Sten Sanjorge Jr', 'Orhan Strum', 'Willem Vasco-Pais', 'Bertrand Ovan', 'Albina Hafon', 'Benito Hawelon', 'Claudio Hawelon', 'Henk Mies', 'Valeria Morlun', 'Adan Morlun', 'Cecilia Morluniau', 'Irene Nant', 'Dylan Scozzese', 'Lucas Alcazar', 'Isak Baza', 'Linnea Bergen', 'Nils Calixto', 'Sven Flecha', 'Hideki Cocinaro', 'Inga Ferro', 'Loreto Bodrogi', 'Isia Vann', 'Stenig Fusil', 'Hennie Osvaldo', 'Kanon Herrero', 'Varja Lagos', 'Minke Mies', 'Felix Resumir', 'Edvard Vann', 'Emile Arpa', 'Varro Awelon', 'Mat Bramar', 'Dante Coginian', 'Carla Forluniau', 'Linda Lagos', 'Cornelia Lais', 'Ruscella Mies', 'Anda Ribera']",2014-01-07 08:27:00,Service anniversaries!
8,Isia Vann,['Rachel Pantanal'],2014-01-07 10:06:00,This weekend?
9,Ruscella Mies,"['Rachel Pantanal', 'Lars Azada', 'Felix Balas', 'Isande Borrasca', 'Axel Calzas', 'Gustav Cazar', 'Lidelse Dedos', 'Birgitta Frente', 'Vira Frente', 'Adra Nubarron', 'Marin Onda', 'Kare Orilla', 'Elsa Orilla', 'Brand Tempestad', 'Ingrid Barranco', 'Ada Campo-Corrente', 'Sten Sanjorge Jr', 'Orhan Strum', 'Willem Vasco-Pais', 'Bertrand Ovan', 'Albina Hafon', 'Benito Hawelon', 'Claudio Hawelon', 'Henk Mies', 'Valeria Morlun', 'Adan Morlun', 'Cecilia Morluniau', 'Irene Nant', 'Dylan Scozzese', 'Lucas Alcazar', 'Isak Baza', 'Linnea Bergen', 'Nils Calixto', 'Sven Flecha', 'Hideki Cocinaro', 'Inga Ferro', 'Loreto Bodrogi', 'Isia Vann', 'Stenig Fusil', 'Hennie Osvaldo', 'Kanon Herrero', 'Varja Lagos', 'Minke Mies', 'Felix Resumir', 'Edvard Vann', 'Emile Arpa', 'Varro Awelon', 'Mat Bramar', 'Dante Coginian', 'Carla Forluniau', 'Linda Lagos', 'Cornelia Lais', 'Ruscella Mies', 'Anda Ribera']",2014-01-07 10:35:00,Daily morning announcements
10,Isia Vann,['Rachel Pantanal'],2014-01-07 10:48:00,Karoake night
11,Lucas Alcazar,"['Rachel Pantanal', 'Lars Azada', 'Felix Balas', 'Isande Borrasca', 'Axel Calzas', 'Gustav Cazar', 'Lidelse Dedos', 'Birgitta Frente', 'Vira Frente', 'Adra Nubarron', 'Marin Onda', 'Kare Orilla', 'Elsa Orilla', 'Brand Tempestad', 'Ingrid Barranco', 'Ada Campo-Corrente', 'Sten Sanjorge Jr', 'Orhan Strum', 'Willem Vasco-Pais', 'Bertrand Ovan', 'Albina Hafon', 'Benito Hawelon', 'Claudio Hawelon', 'Henk Mies', 'Valeria Morlun', 'Adan Morlun', 'Cecilia Morluniau', 'Irene Nant', 'Dylan Scozzese', 'Lucas Alcazar', 'Isak Baza', 'Linnea Bergen', 'Nils Calixto', 'Sven Flecha', 'Hideki Cocinaro', 'Inga Ferro', 'Loreto Bodrogi', 'Isia Vann', 'Stenig Fusil', 'Hennie Osvaldo', 'Kanon Herrero', 'Varja Lagos', 'Minke Mies', 'Felix Resumir', 'Edvard Vann', 'Emile Arpa', 'Varro Awelon', 'Mat Bramar', 'Dante Coginian', 'Carla Forluniau', 'Linda Lagos', 'Cornelia Lais', 'Ruscella Mies', 'Anda Ribera']",2014-01-07 11:22:00,RE: Service anniversaries!
12,Gustav Cazar,"['Rachel Pantanal', 'Lars Azada', 'Felix Balas', 'Isande Borrasca', 'Axel Calzas', 'Gustav Cazar', 'Lidelse Dedos', 'Birgitta Frente', 'Vira Frente', 'Adra Nubarron', 'Marin Onda', 'Kare Orilla', 'Elsa Orilla', 'Brand Tempestad', 'Ingrid Barranco', 'Ada Campo-Corrente', 'Sten Sanjorge Jr', 'Orhan Strum', 'Willem Vasco-Pais', 'Bertrand Ovan', 'Albina Hafon', 'Benito Hawelon', 'Claudio Hawelon', 'Henk Mies', 'Valeria Morlun', 'Adan Morlun', 'Cecilia Morluniau', 'Irene Nant', 'Dylan Scozzese', 'Lucas Alcazar', 'Isak Baza', 'Linnea Bergen', 'Nils Calixto', 'Sven Flecha', 'Hideki Cocinaro', 'Inga Ferro', 'Loreto Bodrogi', 'Isia Vann', 'Stenig Fusil', 'Hennie Osvaldo', 'Kanon Herrero', 'Varja Lagos', 'Minke Mies', 'Felix Resumir', 'Edvard Vann', 'Emile Arpa', 'Varro Awelon', 'Mat Bramar', 'Dante Coginian', 'Carla Forluniau', 'Linda Lagos', 'Cornelia Lais', 'Ruscella Mies', 'Anda Ribera']",2014-01-07 12:30:00,RE: Service anniversaries!
13,Varja Lagos,"['Kanon Herrero', 'Stenig Fusil', 'Inga Ferro', 'Hideki Cocinaro', 'Hennie Osvaldo', 'Felix Resumir', 'Isia Vann']",2014-01-07 13:16:00,Resolution of incident
14,Mat Bramar,"['Rachel Pantanal', 'Lars Azada', 'Felix Balas', 'Isande Borrasca', 'Axel Calzas', 'Gustav Cazar', 'Lidelse Dedos', 'Birgitta Frente', 'Vira Frente', 'Adra Nubarron', 'Marin Onda', 'Kare Orilla', 'Elsa Orilla', 'Brand Tempestad', 'Ingrid Barranco', 'Ada Campo-Corrente', 'Sten Sanjorge Jr', 'Orhan Strum', 'Willem Vasco-Pais', 'Bertrand Ovan', 'Albina Hafon', 'Benito Hawelon', 'Claudio Hawelon', 'Henk Mies', 'Valeria Morlun', 'Adan Morlun', 'Cecilia Morluniau', 'Irene Nant', 'Dylan Scozzese', 'Lucas Alcazar', 'Isak Baza', 'Linnea Bergen', 'Nils Calixto', 'Sven Flecha', 'Hideki Cocinaro', 'Inga Ferro', 'Loreto Bodrogi', 'Isia Vann', 'Stenig Fusil', 'Hennie Osvaldo', 'Kanon Herrero', 'Varja Lagos', 'Minke Mies', 'Felix Resumir', 'Edvard Vann', 'Emile Arpa', 'Varro Awelon', 'Mat Bramar', 'Dante Coginian', 'Carla Forluniau', 'Linda Lagos', 'Cornelia Lais', 'Ruscella Mies', 'Anda Ribera']",2014-01-07 14:25:00,Planning for staff picnic
15,Hideki Cocinaro,"['Kanon Herrero', 'Stenig Fusil', 'Inga Ferro', 'Hideki Cocinaro', 'Hennie Osvaldo', 'Felix Resumir', 'Isia Vann']",2014-01-07 15:31:00,RE: Resolution of incident
16,Stenig Fusil,"['Kanon Herrero', 'Stenig Fusil', 'Inga Ferro', 'Hideki Cocinaro', 'Hennie Osvaldo', 'Felix Resumir', 'Isia Vann']",2014-01-07 15:33:00,RE: Resolution of incident
17,Hennie Osvaldo,"['Kanon Herrero', 'Stenig Fusil', 'Inga Ferro', 'Hideki Cocinaro', 'Hennie Osvaldo', 'Felix Resumir', 'Isia Vann']",2014-01-07 15:41:00,RE: Resolution of incident
18,Ingrid Barranco,"['Rachel Pantanal', 'Lars Azada', 'Felix Balas', 'Isande Borrasca', 'Axel Calzas', 'Gustav Cazar', 'Lidelse Dedos', 'Birgitta Frente', 'Vira Frente', 'Adra Nubarron', 'Marin Onda', 'Kare Orilla', 'Elsa Orilla', 'Brand Tempestad', 'Ingrid Barranco', 'Ada Campo-Corrente', 'Sten Sanjorge Jr', 'Orhan Strum', 'Willem Vasco-Pais', 'Bertrand Ovan', 'Albina Hafon', 'Benito Hawelon', 'Claudio Hawelon', 'Henk Mies', 'Valeria Morlun', 'Adan Morlun', 'Cecilia Morluniau', 'Irene Nant', 'Dylan Scozzese', 'Lucas Alcazar', 'Isak Baza', 'Linnea Bergen', 'Nils Calixto', 'Sven Flecha', 'Hideki Cocinaro', 'Inga Ferro', 'Loreto Bodrogi', 'Isia Vann', 'Stenig Fusil', 'Hennie Osvaldo', 'Kanon Herrero', 'Varja Lagos', 'Minke Mies', 'Felix Resumir', 'Edvard Vann', 'Emile Arpa', 'Varro Awelon', 'Mat Bramar', 'Dante Coginian', 'Carla Forluniau', 'Linda Lagos', 'Cornelia Lais', 'Ruscella Mies', 'Anda Ribera']",2014-01-07 16:08:00,RE: Planning for staff picnic
19,Edvard Vann,"['Rachel Pantanal', 'Lars Azada', 'Felix Balas', 'Isande Borrasca', 'Axel Calzas', 'Gustav Cazar', 'Lidelse Dedos', 'Birgitta Frente', 'Vira Frente', 'Adra Nubarron', 'Marin Onda', 'Kare Orilla', 'Elsa Orilla', 'Brand Tempestad', 'Ingrid Barranco', 'Ada Campo-Corrente', 'Sten Sanjorge Jr', 'Orhan Strum', 'Willem Vasco-Pais', 'Bertrand Ovan', 'Albina Hafon', 'Benito Hawelon', 'Claudio Hawelon', 'Henk Mies', 'Valeria Morlun', 'Adan Morlun', 'Cecilia Morluniau', 'Irene Nant', 'Dylan Scozzese', 'Lucas Alcazar', 'Isak Baza', 'Linnea Bergen', 'Nils Calixto', 'Sven Flecha', 'Hideki Cocinaro', 'Inga Ferro', 'Loreto Bodrogi', 'Isia Vann', 'Stenig Fusil', 'Hennie Osvaldo', 'Kanon Herrero', 'Varja Lagos', 'Minke Mies', 'Felix Resumir', 'Edvard Vann', 'Emile Arpa', 'Varro Awelon', 'Mat Bramar', 'Dante Coginian', 'Carla Forluniau', 'Linda Lagos', 'Cornelia Lais', 'Ruscella Mies', 'Anda Ribera']",2014-01-07 16:15:00,RE: Planning for staff picnic
20,Stenig Fusil,"['Kanon Herrero', 'Stenig Fusil', 'Inga Ferro', 'Hideki Cocinaro', 'Hennie Osvaldo', 'Felix Resumir', 'Isia Vann']",2014-01-07 16:18:00,RE: Resolution of incident
21,Elsa Orilla,"['Rachel Pantanal', 'Lars Azada', 'Felix Balas', 'Isande Borrasca', 'Axel Calzas', 'Gustav Cazar', 'Lidelse Dedos', 'Birgitta Frente', 'Vira Frente', 'Adra Nubarron', 'Marin Onda', 'Kare Orilla', 'Elsa Orilla', 'Brand Tempestad', 'Ingrid Barranco', 'Ada Campo-Corrente', 'Sten Sanjorge Jr', 'Orhan Strum', 'Willem Vasco-Pais', 'Bertrand Ovan', 'Albina Hafon', 'Benito Hawelon', 'Claudio Hawelon', 'Henk Mies', 'Valeria Morlun', 'Adan Morlun', 'Cecilia Morluniau', 'Irene Nant', 'Dylan Scozzese', 'Lucas Alcazar', 'Isak Baza', 'Linnea Bergen', 'Nils Calixto', 'Sven Flecha', 'Hideki Cocinaro', 'Inga Ferro', 'Loreto Bodrogi', 'Isia Vann', 'Stenig Fusil', 'Hennie Osvaldo', 'Kanon Herrero', 'Varja Lagos', 'Minke Mies', 'Felix Resumir', 'Edvard Vann', 'Emile Arpa', 'Varro Awelon', 'Mat Bramar', 'Dante Coginian', 'Carla Forluniau', 'Linda Lagos', 'Cornelia Lais', 'Ruscella Mies', 'Anda Ribera']",2014-01-07 16:51:00,RE: Planning for staff picnic
22,Ada Campo-Corrente,"['Rachel Pantanal', 'Lars Azada', 'Felix Balas', 'Isande Borrasca', 'Axel Calzas', 'Gustav Cazar', 'Lidelse Dedos', 'Birgitta Frente', 'Vira Frente', 'Adra Nubarron', 'Marin Onda', 'Kare Orilla', 'Elsa Orilla', 'Brand Tempestad', 'Ingrid Barranco', 'Ada Campo-Corrente', 'Sten Sanjorge Jr', 'Orhan Strum', 'Willem Vasco-Pais', 'Bertrand Ovan', 'Albina Hafon', 'Benito Hawelon', 'Claudio Hawelon', 'Henk Mies', 'Valeria Morlun', 'Adan Morlun', 'Cecilia Morluniau', 'Irene Nant', 'Dylan Scozzese', 'Lucas Alcazar', 'Isak Baza', 'Linnea Bergen', 'Nils Calixto', 'Sven Flecha', 'Hideki Cocinaro', 'Inga Ferro', 'Loreto Bodrogi', 'Isia Vann', 'Stenig Fusil', 'Hennie Osvaldo', 'Kanon Herrero', 'Varja Lagos', 'Minke Mies', 'Felix Resumir', 'Edvard Vann', 'Emile Arpa', 'Varro Awelon', 'Mat Bramar', 'Dante Coginian', 'Carla Forluniau', 'Linda Lagos', 'Cornelia Lais', 'Ruscella Mies', 'Anda Ribera']",2014-01-07 17:02:00,RE: Planning for staff picnic
23,Stenig Fusil,"['Kanon Herrero', 'Stenig Fusil', 'Inga Ferro', 'Hideki Cocinaro', 'Hennie Osvaldo', 'Felix Resumir', 'Isia Vann']",2014-01-07 17:22:00,RE: Resolution of incident
24,Mat Bramar,"['Rachel Pantanal', 'Lars Azada', 'Felix Balas', 'Isande Borrasca', 'Axel Calzas', 'Gustav Cazar', 'Lidelse Dedos', 'Birgitta Frente', 'Vira Frente', 'Adra Nubarron', 'Marin Onda', 'Kare Orilla', 'Elsa Orilla', 'Brand Tempestad', 'Ingrid Barranco', 'Ada Campo-Corrente', 'Sten Sanjorge Jr', 'Orhan Strum', 'Willem Vasco-Pais', 'Bertrand Ovan', 'Albina Hafon', 'Benito Hawelon', 'Claudio Hawelon', 'Henk Mies', 'Valeria Morlun', 'Adan Morlun', 'Cecilia Morluniau', 'Irene Nant', 'Dylan Scozzese', 'Lucas Alcazar', 'Isak Baza', 'Linnea Bergen', 'Nils Calixto', 'Sven Flecha', 'Hideki Cocinaro', 'Inga Ferro', 'Loreto Bodrogi', 'Isia Vann', 'Stenig Fusil', 'Hennie Osvaldo', 'Kanon Herrero', 'Varja Lagos', 'Minke Mies', 'Felix Resumir', 'Edvard Vann', 'Emile Arpa', 'Varro Awelon', 'Mat Bramar', 'Dante Coginian', 'Carla Forluniau', 'Linda Lagos', 'Cornelia Lais', 'Ruscella Mies', 'Anda Ribera']",2014-01-08 10:12:00,Paid holiday reminders
25,Mat Bramar,"['Rachel Pantanal', 'Lars Azada', 'Felix Balas', 'Isande Borrasca', 'Axel Calzas', 'Gustav Cazar', 'Lidelse Dedos', 'Birgitta Frente', 'Vira Frente', 'Adra Nubarron', 'Marin Onda', 'Kare Orilla', 'Elsa Orilla', 'Brand Tempestad', 'Ingrid Barranco', 'Ada Campo-Corrente', 'Sten Sanjorge Jr', 'Orhan Strum', 'Willem Vasco-Pais', 'Bertrand Ovan', 'Albina Hafon', 'Benito Hawelon', 'Claudio Hawelon', 'Henk Mies', 'Valeria Morlun', 'Adan Morlun', 'Cecilia Morluniau', 'Irene Nant', 'Dylan Scozzese', 'Lucas Alcazar', 'Isak Baza', 'Linnea Bergen', 'Nils Calixto', 'Sven Flecha', 'Hideki Cocinaro', 'Inga Ferro', 'Loreto Bodrogi', 'Isia Vann', 'Stenig Fusil', 'Hennie Osvaldo', 'Kanon Herrero', 'Varja Lagos', 'Minke Mies', 'Felix Resumir', 'Edvard Vann', 'Emile Arpa', 'Varro Awelon', 'Mat Bramar', 'Dante Coginian', 'Carla Forluniau', 'Linda Lagos', 'Cornelia Lais', 'Ruscella Mies', 'Anda Ribera']",2014-01-08 13:22:00,Parking lottery winners
26,Mat Bramar,"['Rachel Pantanal', 'Lars Azada', 'Felix Balas', 'Isande Borrasca', 'Axel Calzas', 'Gustav Cazar', 'Lidelse Dedos', 'Birgitta Frente', 'Vira Frente', 'Adra Nubarron', 'Marin Onda', 'Kare Orilla', 'Elsa Orilla', 'Brand Tempestad', 'Ingrid Barranco', 'Ada Campo-Corrente', 'Sten Sanjorge Jr', 'Orhan Strum', 'Willem Vasco-Pais', 'Bertrand Ovan', 'Albina Hafon', 'Benito Hawelon', 'Claudio Hawelon', 'Henk Mies', 'Valeria Morlun', 'Adan Morlun', 'Cecilia Morluniau', 'Irene Nant', 'Dylan Scozzese', 'Lucas Alcazar', 'Isak Baza', 'Linnea Bergen', 'Nils Calixto', 'Sven Flecha', 'Hideki Cocinaro', 'Inga Ferro', 'Loreto Bodrogi', 'Isia Vann', 'Stenig Fusil', 'Hennie Osvaldo', 'Kanon Herrero', 'Varja Lagos', 'Minke Mies', 'Felix Resumir', 'Edvard Vann', 'Emile Arpa', 'Varro Awelon', 'Mat Bramar', 'Dante Coginian', 'Carla Forluniau', 'Linda Lagos', 'Cornelia Lais', 'Ruscella Mies', 'Anda Ribera']",2014-01-08 13:57:00,Vacation donation request
27,Ruscella Mies,"['Rachel Pantanal', 'Lars Azada', 'Felix Balas', 'Isande Borrasca', 'Axel Calzas', 'Gustav Cazar', 'Lidelse Dedos', 'Birgitta Frente', 'Vira Frente', 'Adra Nubarron', 'Marin Onda', 'Kare Orilla', 'Elsa Orilla', 'Brand Tempestad', 'Ingrid Barranco', 'Ada Campo-Corrente', 'Sten Sanjorge Jr', 'Orhan Strum', 'Willem Vasco-Pais', 'Bertrand Ovan', 'Albina Hafon', 'Benito Hawelon', 'Claudio Hawelon', 'Henk Mies', 'Valeria Morlun', 'Adan Morlun', 'Cecilia Morluniau', 'Irene Nant', 'Dylan Scozzese', 'Lucas Alcazar', 'Isak Baza', 'Linnea Bergen', 'Nils Calixto', 'Sven Flecha', 'Hideki Cocinaro', 'Inga Ferro', 'Loreto Bodrogi', 'Isia Vann', 'Stenig Fusil', 'Hennie Osvaldo', 'Kanon Herrero', 'Varja Lagos', 'Minke Mies', 'Felix Resumir', 'Edvard Vann', 'Emile Arpa', 'Varro Awelon', 'Mat Bramar', 'Dante Coginian', 'Carla Forluniau', 'Linda Lagos', 'Cornelia Lais', 'Ruscella Mies', 'Anda Ribera']",2014-01-08 14:28:00,"Good morning, GasTech!"
28,Felix Resumir,"['Rachel Pantanal', 'Lars Azada', 'Felix Balas', 'Isande Borrasca', 'Axel Calzas', 'Gustav Cazar', 'Lidelse Dedos', 'Birgitta Frente', 'Vira Frente', 'Adra Nubarron', 'Marin Onda', 'Kare Orilla', 'Elsa Orilla', 'Brand Tempestad', 'Ingrid Barranco', 'Ada Campo-Corrente', 'Sten Sanjorge Jr', 'Orhan Strum', 'Willem Vasco-Pais', 'Bertrand Ovan', 'Albina Hafon', 'Benito Hawelon', 'Claudio Hawelon', 'Henk Mies', 'Valeria Morlun', 'Adan Morlun', 'Cecilia Morluniau', 'Irene Nant', 'Dylan Scozzese', 'Lucas Alcazar', 'Isak Baza', 'Linnea Bergen', 'Nils Calixto', 'Sven Flecha', 'Hideki Cocinaro', 'Inga Ferro', 'Loreto Bodrogi', 'Isia Vann', 'Stenig Fusil', 'Hennie Osvaldo', 'Kanon Herrero', 'Varja Lagos', 'Minke Mies', 'Felix Resumir', 'Edvard Vann', 'Emile Arpa', 'Varro Awelon', 'Mat Bramar', 'Dante Coginian', 'Carla Forluniau', 'Linda Lagos', 'Cornelia Lais', 'Ruscella Mies', 'Anda Ribera']",2014-01-08 15:31:00,RE: Parking lottery winners
29,Hennie Osvaldo,"['Rachel Pantanal', 'Lars Azada', 'Felix Balas', 'Isande Borrasca', 'Axel Calzas', 'Gustav Cazar', 'Lidelse Dedos', 'Birgitta Frente', 'Vira Frente', 'Adra Nubarron', 'Marin Onda', 'Kare Orilla', 'Elsa Orilla', 'Brand Tempestad', 'Ingrid Barranco', 'Ada Campo-Corrente', 'Sten Sanjorge Jr', 'Orhan Strum', 'Willem Vasco-Pais', 'Bertrand Ovan', 'Albina Hafon', 'Benito Hawelon', 'Claudio Hawelon', 'Henk Mies', 'Valeria Morlun', 'Adan Morlun', 'Cecilia Morluniau', 'Irene Nant', 'Dylan Scozzese', 'Lucas Alcazar', 'Isak Baza', 'Linnea Bergen', 'Nils Calixto', 'Sven Flecha', 'Hideki Cocinaro', 'Inga Ferro', 'Loreto Bodrogi', 'Isia Vann', 'Stenig Fusil', 'Hennie Osvaldo', 'Kanon Herrero', 'Varja Lagos', 'Minke Mies', 'Felix Resumir', 'Edvard Vann', 'Emile Arpa', 'Varro Awelon', 'Mat Bramar', 'Dante Coginian', 'Carla Forluniau', 'Linda Lagos', 'Cornelia Lais', 'Ruscella Mies', 'Anda Ribera']",2014-01-08 17:06:00,RE: Vacation donation request
30,Ada Campo-Corrente,"['Rachel Pantanal', 'Lars Azada', 'Felix Balas', 'Isande Borrasca', 'Axel Calzas', 'Gustav Cazar', 'Lidelse Dedos', 'Birgitta Frente', 'Vira Frente', 'Adra Nubarron', 'Marin Onda', 'Kare Orilla', 'Elsa Orilla', 'Brand Tempestad', 'Ingrid Barranco', 'Ada Campo-Corrente', 'Sten Sanjorge Jr', 'Orhan Strum', 'Willem Vasco-Pais', 'Bertrand Ovan', 'Albina Hafon', 'Benito Hawelon', 'Claudio Hawelon', 'Henk Mies', 'Valeria Morlun', 'Adan Morlun', 'Cecilia Morluniau', 'Irene Nant', 'Dylan Scozzese', 'Lucas Alcazar', 'Isak Baza', 'Linnea Bergen', 'Nils Calixto', 'Sven Flecha', 'Hideki Cocinaro', 'Inga Ferro', 'Loreto Bodrogi', 'Isia Vann', 'Stenig Fusil', 'Hennie Osvaldo', 'Kanon Herrero', 'Varja Lagos', 'Minke Mies', 'Felix Resumir', 'Edvard Vann', 'Emile Arpa', 'Varro Awelon', 'Mat Bramar', 'Dante Coginian', 'Carla Forluniau', 'Linda Lagos', 'Cornelia Lais', 'Ruscella Mies', 'Anda Ribera']",2014-01-08 18:18:00,RE: Vacation donation request
31,Isande Borrasca,"['Rachel Pantanal', 'Lars Azada', 'Felix Balas', 'Isande Borrasca', 'Axel Calzas', 'Gustav Cazar', 'Lidelse Dedos', 'Birgitta Frente', 'Vira Frente', 'Adra Nubarron', 'Marin Onda', 'Kare Orilla', 'Elsa Orilla', 'Brand Tempestad', 'Ingrid Barranco', 'Ada Campo-Corrente', 'Sten Sanjorge Jr', 'Orhan Strum', 'Willem Vasco-Pais', 'Bertrand Ovan', 'Albina Hafon', 'Benito Hawelon', 'Claudio Hawelon', 'Henk Mies', 'Valeria Morlun', 'Adan Morlun', 'Cecilia Morluniau', 'Irene Nant', 'Dylan Scozzese', 'Lucas Alcazar', 'Isak Baza', 'Linnea Bergen', 'Nils Calixto', 'Sven Flecha', 'Hideki Cocinaro', 'Inga Ferro', 'Loreto Bodrogi', 'Isia Vann', 'Stenig Fusil', 'Hennie Osvaldo', 'Kanon Herrero', 'Varja Lagos', 'Minke Mies', 'Felix Resumir', 'Edvard Vann', 'Emile Arpa', 'Varro Awelon', 'Mat Bramar', 'Dante Coginian', 'Carla Forluniau', 'Linda Lagos', 'Cornelia Lais', 'Ruscella Mies', 'Anda Ribera']",2014-01-08 18:22:00,RE: Vacation donation request
32,Ruscella Mies,"['Rachel Pantanal', 'Lars Azada', 'Felix Balas', 'Isande Borrasca', 'Axel Calzas', 'Gustav Cazar', 'Lidelse Dedos', 'Birgitta Frente', 'Vira Frente', 'Adra Nubarron', 'Marin Onda', 'Kare Orilla', 'Elsa Orilla', 'Brand Tempestad', 'Ingrid Barranco', 'Ada Campo-Corrente', 'Sten Sanjorge Jr', 'Orhan Strum', 'Willem Vasco-Pais', 'Bertrand Ovan', 'Albina Hafon', 'Benito Hawelon', 'Claudio Hawelon', 'Henk Mies', 'Valeria Morlun', 'Adan Morlun', 'Cecilia Morluniau', 'Irene Nant', 'Dylan Scozzese', 'Lucas Alcazar', 'Isak Baza', 'Linnea Bergen', 'Nils Calixto', 'Sven Flecha', 'Hideki Cocinaro', 'Inga Ferro', 'Loreto Bodrogi', 'Isia Vann', 'Stenig Fusil', 'Hennie Osvaldo', 'Kanon Herrero', 'Varja Lagos', 'Minke Mies', 'Felix Resumir', 'Edvard Vann', 'Emile Arpa', 'Varro Awelon', 'Mat Bramar', 'Dante Coginian', 'Carla Forluniau', 'Linda Lagos', 'Cornelia Lais', 'Ruscella Mies', 'Anda Ribera']",2014-01-09 10:21:00,"Good morning, GasTech!"
33,Isia Vann,['Claudio Hawelon'],2014-01-09 11:51:00,Awwww- cute!
34,Mat Bramar,"['Rachel Pantanal', 'Lars Azada', 'Felix Balas', 'Isande Borrasca', 'Axel Calzas', 'Gustav Cazar', 'Lidelse Dedos', 'Birgitta Frente', 'Vira Frente', 'Adra Nubarron', 'Marin Onda', 'Kare Orilla', 'Elsa Orilla', 'Brand Tempestad', 'Ingrid Barranco', 'Ada Campo-Corrente', 'Sten Sanjorge Jr', 'Orhan Strum', 'Willem Vasco-Pais', 'Bertrand Ovan', 'Albina Hafon', 'Benito Hawelon', 'Claudio Hawelon', 'Henk Mies', 'Valeria Morlun', 'Adan Morlun', 'Cecilia Morluniau', 'Irene Nant', 'Dylan Scozzese', 'Lucas Alcazar', 'Isak Baza', 'Linnea Bergen', 'Nils Calixto', 'Sven Flecha', 'Hideki Cocinaro', 'Inga Ferro', 'Loreto Bodrogi', 'Isia Vann', 'Stenig Fusil', 'Hennie Osvaldo', 'Kanon Herrero', 'Varja Lagos', 'Minke Mies', 'Felix Resumir', 'Edvard Vann', 'Emile Arpa', 'Varro Awelon', 'Mat Bramar', 'Dante Coginian', 'Carla Forluniau', 'Linda Lagos', 'Cornelia Lais', 'Ruscella Mies', 'Anda Ribera']",2014-01-09 13:19:00,Remember Casino night!
35,Stenig Fusil,"['Loreto Bodrogi', 'Isia Vann', 'Edvard Vann', 'Hideki Cocinaro']",2014-01-09 14:12:00,Security update: how to handle reporters on the grounds
36,Claudio Hawelon,['Isia Vann'],2014-01-09 14:36:00,RE: Awwww- cute!
37,Isia Vann,['Claudio Hawelon'],2014-01-09 14:49:00,RE: Awwww- cute!
38,Claudio Hawelon,['Isia Vann'],2014-01-09 14:50:00,RE: Awwww- cute!
39,Isia Vann,['Claudio Hawelon'],2014-01-09 14:57:00,RE: Awwww- cute!
40,Elsa Orilla,"['Rachel Pantanal', 'Lars Azada', 'Felix Balas', 'Isande Borrasca', 'Axel Calzas', 'Gustav Cazar', 'Lidelse Dedos', 'Birgitta Frente', 'Vira Frente', 'Adra Nubarron', 'Marin Onda', 'Kare Orilla', 'Elsa Orilla', 'Brand Tempestad', 'Ingrid Barranco', 'Ada Campo-Corrente', 'Sten Sanjorge Jr', 'Orhan Strum', 'Willem Vasco-Pais', 'Bertrand Ovan', 'Albina Hafon', 'Benito Hawelon', 'Claudio Hawelon', 'Henk Mies', 'Valeria Morlun', 'Adan Morlun', 'Cecilia Morluniau', 'Irene Nant', 'Dylan Scozzese', 'Lucas Alcazar', 'Isak Baza', 'Linnea Bergen', 'Nils Calixto', 'Sven Flecha', 'Hideki Cocinaro', 'Inga Ferro', 'Loreto Bodrogi', 'Isia Vann', 'Stenig Fusil', 'Hennie Osvaldo', 'Kanon Herrero', 'Varja Lagos', 'Minke Mies', 'Felix Resumir', 'Edvard Vann', 'Emile Arpa', 'Varro Awelon', 'Mat Bramar', 'Dante Coginian', 'Carla Forluniau', 'Linda Lagos', 'Cornelia Lais', 'Ruscella Mies', 'Anda Ribera']",2014-01-09 16:03:00,RE: Remember Casino night!
41,Isak Baza,"['Rachel Pantanal', 'Lars Azada', 'Felix Balas', 'Isande Borrasca', 'Axel Calzas', 'Gustav Cazar', 'Lidelse Dedos', 'Birgitta Frente', 'Vira Frente', 'Adra Nubarron', 'Marin Onda', 'Kare Orilla', 'Elsa Orilla', 'Brand Tempestad', 'Ingrid Barranco', 'Ada Campo-Corrente', 'Sten Sanjorge Jr', 'Orhan Strum', 'Willem Vasco-Pais', 'Bertrand Ovan', 'Albina Hafon', 'Benito Hawelon', 'Claudio Hawelon', 'Henk Mies', 'Valeria Morlun', 'Adan Morlun', 'Cecilia Morluniau', 'Irene Nant', 'Dylan Scozzese', 'Lucas Alcazar', 'Isak Baza', 'Linnea Bergen', 'Nils Calixto', 'Sven Flecha', 'Hideki Cocinaro', 'Inga Ferro', 'Loreto Bodrogi', 'Isia Vann', 'Stenig Fusil', 'Hennie Osvaldo', 'Kanon Herrero', 'Varja Lagos', 'Minke Mies', 'Felix Resumir', 'Edvard Vann', 'Emile Arpa', 'Varro Awelon', 'Mat Bramar', 'Dante Coginian', 'Carla Forluniau', 'Linda Lagos', 'Cornelia Lais', 'Ruscella Mies', 'Anda Ribera']",2014-01-09 16:04:00,RE: Remember Casino night!
42,Lars Azada,"['Rachel Pantanal', 'Lars Azada', 'Felix Balas', 'Isande Borrasca', 'Axel Calzas', 'Gustav Cazar', 'Lidelse Dedos', 'Birgitta Frente', 'Vira Frente', 'Adra Nubarron', 'Marin Onda', 'Kare Orilla', 'Elsa Orilla', 'Brand Tempestad', 'Ingrid Barranco', 'Ada Campo-Corrente', 'Sten Sanjorge Jr', 'Orhan Strum', 'Willem Vasco-Pais', 'Bertrand Ovan', 'Albina Hafon', 'Benito Hawelon', 'Claudio Hawelon', 'Henk Mies', 'Valeria Morlun', 'Adan Morlun', 'Cecilia Morluniau', 'Irene Nant', 'Dylan Scozzese', 'Lucas Alcazar', 'Isak Baza', 'Linnea Bergen', 'Nils Calixto', 'Sven Flecha', 'Hideki Cocinaro', 'Inga Ferro', 'Loreto Bodrogi', 'Isia Vann', 'Stenig Fusil', 'Hennie Osvaldo', 'Kanon Herrero', 'Varja Lagos', 'Minke Mies', 'Felix Resumir', 'Edvard Vann', 'Emile Arpa', 'Varro Awelon', 'Mat Bramar', 'Dante Coginian', 'Carla Forluniau', 'Linda Lagos', 'Cornelia Lais', 'Ruscella Mies', 'Anda Ribera']",2014-01-09 16:16:00,RE: Remember Casino night!
43,Isia Vann,"['Loreto Bodrogi', 'Isia Vann', 'Edvard Vann', 'Hideki Cocinaro']",2014-01-09 16:20:00,RE: Security update: how to handle reporters on the grounds
44,Kanon Herrero,"['Rachel Pantanal', 'Lars Azada', 'Felix Balas', 'Isande Borrasca', 'Axel Calzas', 'Gustav Cazar', 'Lidelse Dedos', 'Birgitta Frente', 'Vira Frente', 'Adra Nubarron', 'Marin Onda', 'Kare Orilla', 'Elsa Orilla', 'Brand Tempestad', 'Ingrid Barranco', 'Ada Campo-Corrente', 'Sten Sanjorge Jr', 'Orhan Strum', 'Willem Vasco-Pais', 'Bertrand Ovan', 'Albina Hafon', 'Benito Hawelon', 'Claudio Hawelon', 'Henk Mies', 'Valeria Morlun', 'Adan Morlun', 'Cecilia Morluniau', 'Irene Nant', 'Dylan Scozzese', 'Lucas Alcazar', 'Isak Baza', 'Linnea Bergen', 'Nils Calixto', 'Sven Flecha', 'Hideki Cocinaro', 'Inga Ferro', 'Loreto Bodrogi', 'Isia Vann', 'Stenig Fusil', 'Hennie Osvaldo', 'Kanon Herrero', 'Varja Lagos', 'Minke Mies', 'Felix Resumir', 'Edvard Vann', 'Emile Arpa', 'Varro Awelon', 'Mat Bramar', 'Dante Coginian', 'Carla Forluniau', 'Linda Lagos', 'Cornelia Lais', 'Ruscella Mies', 'Anda Ribera']",2014-01-09 16:26:00,RE: Remember Casino night!
45,Axel Calzas,"['Rachel Pantanal', 'Lars Azada', 'Felix Balas', 'Isande Borrasca', 'Axel Calzas', 'Gustav Cazar', 'Lidelse Dedos', 'Birgitta Frente', 'Vira Frente', 'Adra Nubarron', 'Marin Onda', 'Kare Orilla', 'Elsa Orilla', 'Brand Tempestad', 'Ingrid Barranco', 'Ada Campo-Corrente', 'Sten Sanjorge Jr', 'Orhan Strum', 'Willem Vasco-Pais', 'Bertrand Ovan', 'Albina Hafon', 'Benito Hawelon', 'Claudio Hawelon', 'Henk Mies', 'Valeria Morlun', 'Adan Morlun', 'Cecilia Morluniau', 'Irene Nant', 'Dylan Scozzese', 'Lucas Alcazar', 'Isak Baza', 'Linnea Bergen', 'Nils Calixto', 'Sven Flecha', 'Hideki Cocinaro', 'Inga Ferro', 'Loreto Bodrogi', 'Isia Vann', 'Stenig Fusil', 'Hennie Osvaldo', 'Kanon Herrero', 'Varja Lagos', 'Minke Mies', 'Felix Resumir', 'Edvard Vann', 'Emile Arpa', 'Varro Awelon', 'Mat Bramar', 'Dante Coginian', 'Carla Forluniau', 'Linda Lagos', 'Cornelia Lais', 'Ruscella Mies', 'Anda Ribera']",2014-01-09 16:32:00,RE: Remember Casino night!
46,Isia Vann,"['Loreto Bodrogi', 'Isia Vann', 'Edvard Vann', 'Hideki Cocinaro']",2014-01-09 16:45:00,RE: Security update: how to handle reporters on the grounds
47,Edvard Vann,"['Loreto Bodrogi', 'Isia Vann', 'Edvard Vann', 'Hideki Cocinaro']",2014-01-09 17:17:00,RE: Security update: how to handle reporters on the grounds
48,Mat Bramar,"['Rachel Pantanal', 'Lars Azada', 'Felix Balas', 'Isande Borrasca', 'Axel Calzas', 'Gustav Cazar', 'Lidelse Dedos', 'Birgitta Frente', 'Vira Frente', 'Adra Nubarron', 'Marin Onda', 'Kare Orilla', 'Elsa Orilla', 'Brand Tempestad', 'Ingrid Barranco', 'Ada Campo-Corrente', 'Sten Sanjorge Jr', 'Orhan Strum', 'Willem Vasco-Pais', 'Bertrand Ovan', 'Albina Hafon', 'Benito Hawelon', 'Claudio Hawelon', 'Henk Mies', 'Valeria Morlun', 'Adan Morlun', 'Cecilia Morluniau', 'Irene Nant', 'Dylan Scozzese', 'Lucas Alcazar', 'Isak Baza', 'Linnea Bergen', 'Nils Calixto', 'Sven Flecha', 'Hideki Cocinaro', 'Inga Ferro', 'Loreto Bodrogi', 'Isia Vann', 'Stenig Fusil', 'Hennie Osvaldo', 'Kanon Herrero', 'Varja Lagos', 'Minke Mies', 'Felix Resumir', 'Edvard Vann', 'Emile Arpa', 'Varro Awelon', 'Mat Bramar', 'Dante Coginian', 'Carla Forluniau', 'Linda Lagos', 'Cornelia Lais', 'Ruscella Mies', 'Anda Ribera']",2014-01-10 09:08:00,Changes to travel policy
49,Isia Vann,['Rachel Pantanal'],2014-01-10 12:52:00,Still busy?
50,Isak Baza,"['Rachel Pantanal', 'Lars Azada', 'Felix Balas', 'Isande Borrasca', 'Axel Calzas', 'Gustav Cazar', 'Lidelse Dedos', 'Birgitta Frente', 'Vira Frente', 'Adra Nubarron', 'Marin Onda', 'Kare Orilla', 'Elsa Orilla', 'Brand Tempestad', 'Ingrid Barranco', 'Ada Campo-Corrente', 'Sten Sanjorge Jr', 'Orhan Strum', 'Willem Vasco-Pais', 'Bertrand Ovan', 'Albina Hafon', 'Benito Hawelon', 'Claudio Hawelon', 'Henk Mies', 'Valeria Morlun', 'Adan Morlun', 'Cecilia Morluniau', 'Irene Nant', 'Dylan Scozzese', 'Lucas Alcazar', 'Isak Baza', 'Linnea Bergen', 'Nils Calixto', 'Sven Flecha', 'Hideki Cocinaro', 'Inga Ferro', 'Loreto Bodrogi', 'Isia Vann', 'Stenig Fusil', 'Hennie Osvaldo', 'Kanon Herrero', 'Varja Lagos', 'Minke Mies', 'Felix Resumir', 'Edvard Vann', 'Emile Arpa', 'Varro Awelon', 'Mat Bramar', 'Dante Coginian', 'Carla Forluniau', 'Linda Lagos', 'Cornelia Lais', 'Ruscella Mies', 'Anda Ribera']",2014-01-10 13:18:00,RE: Changes to travel policy
51,Mat Bramar,"['Rachel Pantanal', 'Lars Azada', 'Felix Balas', 'Isande Borrasca', 'Axel Calzas', 'Gustav Cazar', 'Lidelse Dedos', 'Birgitta Frente', 'Vira Frente', 'Adra Nubarron', 'Marin Onda', 'Kare Orilla', 'Elsa Orilla', 'Brand Tempestad', 'Ingrid Barranco', 'Ada Campo-Corrente', 'Sten Sanjorge Jr', 'Orhan Strum', 'Willem Vasco-Pais', 'Bertrand Ovan', 'Albina Hafon', 'Benito Hawelon', 'Claudio Hawelon', 'Henk Mies', 'Valeria Morlun', 'Adan Morlun', 'Cecilia Morluniau', 'Irene Nant', 'Dylan Scozzese', 'Lucas Alcazar', 'Isak Baza', 'Linnea Bergen', 'Nils Calixto', 'Sven Flecha', 'Hideki Cocinaro', 'Inga Ferro', 'Loreto Bodrogi', 'Isia Vann', 'Stenig Fusil', 'Hennie Osvaldo', 'Kanon Herrero', 'Varja Lagos', 'Minke Mies', 'Felix Resumir', 'Edvard Vann', 'Emile Arpa', 'Varro Awelon', 'Mat Bramar', 'Dante Coginian', 'Carla Forluniau', 'Linda Lagos', 'Cornelia Lais', 'Ruscella Mies', 'Anda Ribera']",2014-01-10 13:57:00,GASTech announcements
52,Felix Resumir,"['Rachel Pantanal', 'Lars Azada', 'Felix Balas', 'Isande Borrasca', 'Axel Calzas', 'Gustav Cazar', 'Lidelse Dedos', 'Birgitta Frente', 'Vira Frente', 'Adra Nubarron', 'Marin Onda', 'Kare Orilla', 'Elsa Orilla', 'Brand Tempestad', 'Ingrid Barranco', 'Ada Campo-Corrente', 'Sten Sanjorge Jr', 'Orhan Strum', 'Willem Vasco-Pais', 'Bertrand Ovan', 'Albina Hafon', 'Benito Hawelon', 'Claudio Hawelon', 'Henk Mies', 'Valeria Morlun', 'Adan Morlun', 'Cecilia Morluniau', 'Irene Nant', 'Dylan Scozzese', 'Lucas Alcazar', 'Isak Baza', 'Linnea Bergen', 'Nils Calixto', 'Sven Flecha', 'Hideki Cocinaro', 'Inga Ferro', 'Loreto Bodrogi', 'Isia Vann', 'Stenig Fusil', 'Hennie Osvaldo', 'Kanon Herrero', 'Varja Lagos', 'Minke Mies', 'Felix Resumir', 'Edvard Vann', 'Emile Arpa', 'Varro Awelon', 'Mat Bramar', 'Dante Coginian', 'Carla Forluniau', 'Linda Lagos', 'Cornelia Lais', 'Ruscella Mies', 'Anda Ribera']",2014-01-10 14:02:00,RE: Changes to travel policy
53,Hideki Cocinaro,"['Inga Ferro', 'Hennie Osvaldo', 'Varja Lagos', 'Minke Mies', 'Hideki Cocinaro', 'Edvard Vann', 'Stenig Fusil', 'Isia Vann']",2014-01-10 14:12:00,Updated assignments
54,Hideki Cocinaro,"['Rachel Pantanal', 'Lars Azada', 'Felix Balas', 'Isande Borrasca', 'Axel Calzas', 'Gustav Cazar', 'Lidelse Dedos', 'Birgitta Frente', 'Vira Frente', 'Adra Nubarron', 'Marin Onda', 'Kare Orilla', 'Elsa Orilla', 'Brand Tempestad', 'Ingrid Barranco', 'Ada Campo-Corrente', 'Sten Sanjorge Jr', 'Orhan Strum', 'Willem Vasco-Pais', 'Bertrand Ovan', 'Albina Hafon', 'Benito Hawelon', 'Claudio Hawelon', 'Henk Mies', 'Valeria Morlun', 'Adan Morlun', 'Cecilia Morluniau', 'Irene Nant', 'Dylan Scozzese', 'Lucas Alcazar', 'Isak Baza', 'Linnea Bergen', 'Nils Calixto', 'Sven Flecha', 'Hideki Cocinaro', 'Inga Ferro', 'Loreto Bodrogi', 'Isia Vann', 'Stenig Fusil', 'Hennie Osvaldo', 'Kanon Herrero', 'Varja Lagos', 'Minke Mies', 'Felix Resumir', 'Edvard Vann', 'Emile Arpa', 'Varro Awelon', 'Mat Bramar', 'Dante Coginian', 'Carla Forluniau', 'Linda Lagos', 'Cornelia Lais', 'Ruscella Mies', 'Anda Ribera']",2014-01-10 14:13:00,RE: Changes to travel policy
55,Isia Vann,['Rachel Pantanal'],2014-01-10 14:32:00,New gyro place opened nearby
56,Adra Nubarron,"['Rachel Pantanal', 'Lars Azada', 'Felix Balas', 'Isande Borrasca', 'Axel Calzas', 'Gustav Cazar', 'Lidelse Dedos', 'Birgitta Frente', 'Vira Frente', 'Adra Nubarron', 'Marin Onda', 'Kare Orilla', 'Elsa Orilla', 'Brand Tempestad', 'Ingrid Barranco', 'Ada Campo-Corrente', 'Sten Sanjorge Jr', 'Orhan Strum', 'Willem Vasco-Pais', 'Bertrand Ovan', 'Albina Hafon', 'Benito Hawelon', 'Claudio Hawelon', 'Henk Mies', 'Valeria Morlun', 'Adan Morlun', 'Cecilia Morluniau', 'Irene Nant', 'Dylan Scozzese', 'Lucas Alcazar', 'Isak Baza', 'Linnea Bergen', 'Nils Calixto', 'Sven Flecha', 'Hideki Cocinaro', 'Inga Ferro', 'Loreto Bodrogi', 'Isia Vann', 'Stenig Fusil', 'Hennie Osvaldo', 'Kanon Herrero', 'Varja Lagos', 'Minke Mies', 'Felix Resumir', 'Edvard Vann', 'Emile Arpa', 'Varro Awelon', 'Mat Bramar', 'Dante Coginian', 'Carla Forluniau', 'Linda Lagos', 'Cornelia Lais', 'Ruscella Mies', 'Anda Ribera']",2014-01-10 14:44:00,RE: Changes to travel policy
57,Ruscella Mies,"['Rachel Pantanal', 'Lars Azada', 'Felix Balas', 'Isande Borrasca', 'Axel Calzas', 'Gustav Cazar', 'Lidelse Dedos', 'Birgitta Frente', 'Vira Frente', 'Adra Nubarron', 'Marin Onda', 'Kare Orilla', 'Elsa Orilla', 'Brand Tempestad', 'Ingrid Barranco', 'Ada Campo-Corrente', 'Sten Sanjorge Jr', 'Orhan Strum', 'Willem Vasco-Pais', 'Bertrand Ovan', 'Albina Hafon', 'Benito Hawelon', 'Claudio Hawelon', 'Henk Mies', 'Valeria Morlun', 'Adan Morlun', 'Cecilia Morluniau', 'Irene Nant', 'Dylan Scozzese', 'Lucas Alcazar', 'Isak Baza', 'Linnea Bergen', 'Nils Calixto', 'Sven Flecha', 'Hideki Cocinaro', 'Inga Ferro', 'Loreto Bodrogi', 'Isia Vann', 'Stenig Fusil', 'Hennie Osvaldo', 'Kanon Herrero', 'Varja Lagos', 'Minke Mies', 'Felix Resumir', 'Edvard Vann', 'Emile Arpa', 'Varro Awelon', 'Mat Bramar', 'Dante Coginian', 'Carla Forluniau', 'Linda Lagos', 'Cornelia Lais', 'Ruscella Mies', 'Anda Ribera']",2014-01-10 15:16:00,Daily morning announcements
58,Isia Vann,"['Stenig Fusil', 'Varja Lagos', 'Kanon Herrero']",2014-01-10 15:17:00,Vacation scheduling procedures
59,Lars Azada,"['Rachel Pantanal', 'Lars Azada', 'Felix Balas', 'Isande Borrasca', 'Axel Calzas', 'Gustav Cazar', 'Lidelse Dedos', 'Birgitta Frente', 'Vira Frente', 'Adra Nubarron', 'Marin Onda', 'Kare Orilla', 'Elsa Orilla', 'Brand Tempestad', 'Ingrid Barranco', 'Ada Campo-Corrente', 'Sten Sanjorge Jr', 'Orhan Strum', 'Willem Vasco-Pais', 'Bertrand Ovan', 'Albina Hafon', 'Benito Hawelon', 'Claudio Hawelon', 'Henk Mies', 'Valeria Morlun', 'Adan Morlun', 'Cecilia Morluniau', 'Irene Nant', 'Dylan Scozzese', 'Lucas Alcazar', 'Isak Baza', 'Linnea Bergen', 'Nils Calixto', 'Sven Flecha', 'Hideki Cocinaro', 'Inga Ferro', 'Loreto Bodrogi', 'Isia Vann', 'Stenig Fusil', 'Hennie Osvaldo', 'Kanon Herrero', 'Varja Lagos', 'Minke Mies', 'Felix Resumir', 'Edvard Vann', 'Emile Arpa', 'Varro Awelon', 'Mat Bramar', 'Dante Coginian', 'Carla Forluniau', 'Linda Lagos', 'Cornelia Lais', 'Ruscella Mies', 'Anda Ribera']",2014-01-10 16:14:00,RE: GASTech announcements
60,Stenig Fusil,"['Inga Ferro', 'Hennie Osvaldo', 'Varja Lagos', 'Minke Mies', 'Hideki Cocinaro', 'Edvard Vann', 'Stenig Fusil', 'Isia Vann']",2014-01-10 16:28:00,RE: Updated assignments
61,Hideki Cocinaro,"['Inga Ferro', 'Hennie Osvaldo', 'Varja Lagos', 'Minke Mies', 'Hideki Cocinaro', 'Edvard Vann', 'Stenig Fusil', 'Isia Vann']",2014-01-10 17:06:00,RE: Updated assignments
62,Benito Hawelon,"['Rachel Pantanal', 'Lars Azada', 'Felix Balas', 'Isande Borrasca', 'Axel Calzas', 'Gustav Cazar', 'Lidelse Dedos', 'Birgitta Frente', 'Vira Frente', 'Adra Nubarron', 'Marin Onda', 'Kare Orilla', 'Elsa Orilla', 'Brand Tempestad', 'Ingrid Barranco', 'Ada Campo-Corrente', 'Sten Sanjorge Jr', 'Orhan Strum', 'Willem Vasco-Pais', 'Bertrand Ovan', 'Albina Hafon', 'Benito Hawelon', 'Claudio Hawelon', 'Henk Mies', 'Valeria Morlun', 'Adan Morlun', 'Cecilia Morluniau', 'Irene Nant', 'Dylan Scozzese', 'Lucas Alcazar', 'Isak Baza', 'Linnea Bergen', 'Nils Calixto', 'Sven Flecha', 'Hideki Cocinaro', 'Inga Ferro', 'Loreto Bodrogi', 'Isia Vann', 'Stenig Fusil', 'Hennie Osvaldo', 'Kanon Herrero', 'Varja Lagos', 'Minke Mies', 'Felix Resumir', 'Edvard Vann', 'Emile Arpa', 'Varro Awelon', 'Mat Bramar', 'Dante Coginian', 'Carla Forluniau', 'Linda Lagos', 'Cornelia Lais', 'Ruscella Mies', 'Anda Ribera']",2014-01-10 17:06:00,RE: GASTech announcements
63,Isia Vann,"['Inga Ferro', 'Hennie Osvaldo', 'Varja Lagos', 'Minke Mies', 'Hideki Cocinaro', 'Edvard Vann', 'Stenig Fusil', 'Isia Vann']",2014-01-10 17:21:00,RE: Updated assignments
64,Edvard Vann,"['Rachel Pantanal', 'Lars Azada', 'Felix Balas', 'Isande Borrasca', 'Axel Calzas', 'Gustav Cazar', 'Lidelse Dedos', 'Birgitta Frente', 'Vira Frente', 'Adra Nubarron', 'Marin Onda', 'Kare Orilla', 'Elsa Orilla', 'Brand Tempestad', 'Ingrid Barranco', 'Ada Campo-Corrente', 'Sten Sanjorge Jr', 'Orhan Strum', 'Willem Vasco-Pais', 'Bertrand Ovan', 'Albina Hafon', 'Benito Hawelon', 'Claudio Hawelon', 'Henk Mies', 'Valeria Morlun', 'Adan Morlun', 'Cecilia Morluniau', 'Irene Nant', 'Dylan Scozzese', 'Lucas Alcazar', 'Isak Baza', 'Linnea Bergen', 'Nils Calixto', 'Sven Flecha', 'Hideki Cocinaro', 'Inga Ferro', 'Loreto Bodrogi', 'Isia Vann', 'Stenig Fusil', 'Hennie Osvaldo', 'Kanon Herrero', 'Varja Lagos', 'Minke Mies', 'Felix Resumir', 'Edvard Vann', 'Emile Arpa', 'Varro Awelon', 'Mat Bramar', 'Dante Coginian', 'Carla Forluniau', 'Linda Lagos', 'Cornelia Lais', 'Ruscella Mies', 'Anda Ribera']",2014-01-10 17:25:00,RE: GASTech announcements
65,Isia Vann,['Claudio Hawelon'],2014-01-13 09:01:00,The rest of the files are in your mailbox
66,Isia Vann,['Rachel Pantanal'],2014-01-13 09:24:00,Did you like the flowers?
67,Mat Bramar,"['Rachel Pantanal', 'Lars Azada', 'Felix Balas', 'Isande Borrasca', 'Axel Calzas', 'Gustav Cazar', 'Lidelse Dedos', 'Birgitta Frente', 'Vira Frente', 'Adra Nubarron', 'Marin Onda', 'Kare Orilla', 'Elsa Orilla', 'Brand Tempestad', 'Ingrid Barranco', 'Ada Campo-Corrente', 'Sten Sanjorge Jr', 'Orhan Strum', 'Willem Vasco-Pais', 'Bertrand Ovan', 'Albina Hafon', 'Benito Hawelon', 'Claudio Hawelon', 'Henk Mies', 'Valeria Morlun', 'Adan Morlun', 'Cecilia Morluniau', 'Irene Nant', 'Dylan Scozzese', 'Lucas Alcazar', 'Isak Baza', 'Linnea Bergen', 'Nils Calixto', 'Sven Flecha', 'Hideki Cocinaro', 'Inga Ferro', 'Loreto Bodrogi', 'Isia Vann', 'Stenig Fusil', 'Hennie Osvaldo', 'Kanon Herrero', 'Varja Lagos', 'Minke Mies', 'Felix Resumir', 'Edvard Vann', 'Emile Arpa', 'Varro Awelon', 'Mat Bramar', 'Dante Coginian', 'Carla Forluniau', 'Linda Lagos', 'Cornelia Lais', 'Ruscella Mies', 'Anda Ribera']",2014-01-13 09:28:00,How to Prepare for the January 20 VIP Meetings
68,Cornelia Lais,"['Rachel Pantanal', 'Lars Azada', 'Felix Balas', 'Isande Borrasca', 'Axel Calzas', 'Gustav Cazar', 'Lidelse Dedos', 'Birgitta Frente', 'Vira Frente', 'Adra Nubarron', 'Marin Onda', 'Kare Orilla', 'Elsa Orilla', 'Brand Tempestad', 'Ingrid Barranco', 'Ada Campo-Corrente', 'Sten Sanjorge Jr', 'Orhan Strum', 'Willem Vasco-Pais', 'Bertrand Ovan', 'Albina Hafon', 'Benito Hawelon', 'Claudio Hawelon', 'Henk Mies', 'Valeria Morlun', 'Adan Morlun', 'Cecilia Morluniau', 'Irene Nant', 'Dylan Scozzese', 'Lucas Alcazar', 'Isak Baza', 'Linnea Bergen', 'Nils Calixto', 'Sven Flecha', 'Hideki Cocinaro', 'Inga Ferro', 'Loreto Bodrogi', 'Isia Vann', 'Stenig Fusil', 'Hennie Osvaldo', 'Kanon Herrero', 'Varja Lagos', 'Minke Mies', 'Felix Resumir', 'Edvard Vann', 'Emile Arpa', 'Varro Awelon', 'Mat Bramar', 'Dante Coginian', 'Carla Forluniau', 'Linda Lagos', 'Cornelia Lais', 'Ruscella Mies', 'Anda Ribera']",2014-01-13 12:50:00,RE: How to Prepare for the January 20 VIP Meetings
69,Marin Onda,"['Rachel Pantanal', 'Lars Azada', 'Felix Balas', 'Isande Borrasca', 'Axel Calzas', 'Gustav Cazar', 'Lidelse Dedos', 'Birgitta Frente', 'Vira Frente', 'Adra Nubarron', 'Marin Onda', 'Kare Orilla', 'Elsa Orilla', 'Brand Tempestad', 'Ingrid Barranco', 'Ada Campo-Corrente', 'Sten Sanjorge Jr', 'Orhan Strum', 'Willem Vasco-Pais', 'Bertrand Ovan', 'Albina Hafon', 'Benito Hawelon', 'Claudio Hawelon', 'Henk Mies', 'Valeria Morlun', 'Adan Morlun', 'Cecilia Morluniau', 'Irene Nant', 'Dylan Scozzese', 'Lucas Alcazar', 'Isak Baza', 'Linnea Bergen', 'Nils Calixto', 'Sven Flecha', 'Hideki Cocinaro', 'Inga Ferro', 'Loreto Bodrogi', 'Isia Vann', 'Stenig Fusil', 'Hennie Osvaldo', 'Kanon Herrero', 'Varja Lagos', 'Minke Mies', 'Felix Resumir', 'Edvard Vann', 'Emile Arpa', 'Varro Awelon', 'Mat Bramar', 'Dante Coginian', 'Carla Forluniau', 'Linda Lagos', 'Cornelia Lais', 'Ruscella Mies', 'Anda Ribera']",2014-01-13 12:55:00,RE: How to Prepare for the January 20 VIP Meetings
70,Emile Arpa,"['Rachel Pantanal', 'Lars Azada', 'Felix Balas', 'Isande Borrasca', 'Axel Calzas', 'Gustav Cazar', 'Lidelse Dedos', 'Birgitta Frente', 'Vira Frente', 'Adra Nubarron', 'Marin Onda', 'Kare Orilla', 'Elsa Orilla', 'Brand Tempestad', 'Ingrid Barranco', 'Ada Campo-Corrente', 'Sten Sanjorge Jr', 'Orhan Strum', 'Willem Vasco-Pais', 'Bertrand Ovan', 'Albina Hafon', 'Benito Hawelon', 'Claudio Hawelon', 'Henk Mies', 'Valeria Morlun', 'Adan Morlun', 'Cecilia Morluniau', 'Irene Nant', 'Dylan Scozzese', 'Lucas Alcazar', 'Isak Baza', 'Linnea Bergen', 'Nils Calixto', 'Sven Flecha', 'Hideki Cocinaro', 'Inga Ferro', 'Loreto Bodrogi', 'Isia Vann', 'Stenig Fusil', 'Hennie Osvaldo', 'Kanon Herrero', 'Varja Lagos', 'Minke Mies', 'Felix Resumir', 'Edvard Vann', 'Emile Arpa', 'Varro Awelon', 'Mat Bramar', 'Dante Coginian', 'Carla Forluniau', 'Linda Lagos', 'Cornelia Lais', 'Ruscella Mies', 'Anda Ribera']",2014-01-13 13:26:00,RE: How to Prepare for the January 20 VIP Meetings
71,Mat Bramar,"['Rachel Pantanal', 'Lars Azada', 'Felix Balas', 'Isande Borrasca', 'Axel Calzas', 'Gustav Cazar', 'Lidelse Dedos', 'Birgitta Frente', 'Vira Frente', 'Adra Nubarron', 'Marin Onda', 'Kare Orilla', 'Elsa Orilla', 'Brand Tempestad', 'Ingrid Barranco', 'Ada Campo-Corrente', 'Sten Sanjorge Jr', 'Orhan Strum', 'Willem Vasco-Pais', 'Bertrand Ovan', 'Albina Hafon', 'Benito Hawelon', 'Claudio Hawelon', 'Henk Mies', 'Valeria Morlun', 'Adan Morlun', 'Cecilia Morluniau', 'Irene Nant', 'Dylan Scozzese', 'Lucas Alcazar', 'Isak Baza', 'Linnea Bergen', 'Nils Calixto', 'Sven Flecha', 'Hideki Cocinaro', 'Inga Ferro', 'Loreto Bodrogi', 'Isia Vann', 'Stenig Fusil', 'Hennie Osvaldo', 'Kanon Herrero', 'Varja Lagos', 'Minke Mies', 'Felix Resumir', 'Edvard Vann', 'Emile Arpa', 'Varro Awelon', 'Mat Bramar', 'Dante Coginian', 'Carla Forluniau', 'Linda Lagos', 'Cornelia Lais', 'Ruscella Mies', 'Anda Ribera']",2014-01-13 13:56:00,News on VIP Visit January 20 - Please Read!
72,Hennie Osvaldo,"['Minke Mies', 'Isia Vann', 'Hideki Cocinaro', 'Felix Resumir', 'Loreto Bodrogi', 'Kanon Herrero', 'Stenig Fusil', 'Varja Lagos']",2014-01-13 15:25:00,Notification of outside visit
73,Ruscella Mies,"['Rachel Pantanal', 'Lars Azada', 'Felix Balas', 'Isande Borrasca', 'Axel Calzas', 'Gustav Cazar', 'Lidelse Dedos', 'Birgitta Frente', 'Vira Frente', 'Adra Nubarron', 'Marin Onda', 'Kare Orilla', 'Elsa Orilla', 'Brand Tempestad', 'Ingrid Barranco', 'Ada Campo-Corrente', 'Sten Sanjorge Jr', 'Orhan Strum', 'Willem Vasco-Pais', 'Bertrand Ovan', 'Albina Hafon', 'Benito Hawelon', 'Claudio Hawelon', 'Henk Mies', 'Valeria Morlun', 'Adan Morlun', 'Cecilia Morluniau', 'Irene Nant', 'Dylan Scozzese', 'Lucas Alcazar', 'Isak Baza', 'Linnea Bergen', 'Nils Calixto', 'Sven Flecha', 'Hideki Cocinaro', 'Inga Ferro', 'Loreto Bodrogi', 'Isia Vann', 'Stenig Fusil', 'Hennie Osvaldo', 'Kanon Herrero', 'Varja Lagos', 'Minke Mies', 'Felix Resumir', 'Edvard Vann', 'Emile Arpa', 'Varro Awelon', 'Mat Bramar', 'Dante Coginian', 'Carla Forluniau', 'Linda Lagos', 'Cornelia Lais', 'Ruscella Mies', 'Anda Ribera']",2014-01-13 15:56:00,"Good morning, GasTech!"
74,Isia Vann,['Rachel Pantanal'],2014-01-13 16:03:00,Testing 1 2 3
75,Adra Nubarron,"['Rachel Pantanal', 'Lars Azada', 'Felix Balas', 'Isande Borrasca', 'Axel Calzas', 'Gustav Cazar', 'Lidelse Dedos', 'Birgitta Frente', 'Vira Frente', 'Adra Nubarron', 'Marin Onda', 'Kare Orilla', 'Elsa Orilla', 'Brand Tempestad', 'Ingrid Barranco', 'Ada Campo-Corrente', 'Sten Sanjorge Jr', 'Orhan Strum', 'Willem Vasco-Pais', 'Bertrand Ovan', 'Albina Hafon', 'Benito Hawelon', 'Claudio Hawelon', 'Henk Mies', 'Valeria Morlun', 'Adan Morlun', 'Cecilia Morluniau', 'Irene Nant', 'Dylan Scozzese', 'Lucas Alcazar', 'Isak Baza', 'Linnea Bergen', 'Nils Calixto', 'Sven Flecha', 'Hideki Cocinaro', 'Inga Ferro', 'Loreto Bodrogi', 'Isia Vann', 'Stenig Fusil', 'Hennie Osvaldo', 'Kanon Herrero', 'Varja Lagos', 'Minke Mies', 'Felix Resumir', 'Edvard Vann', 'Emile Arpa', 'Varro Awelon', 'Mat Bramar', 'Dante Coginian', 'Carla Forluniau', 'Linda Lagos', 'Cornelia Lais', 'Ruscella Mies', 'Anda Ribera']",2014-01-13 16:19:00,RE: News on VIP Visit January 20 - Please Read!
76,Ruscella Mies,"['Inga Ferro', 'Loreto Bodrogi', 'Isia Vann', 'Hennie Osvaldo', 'Minke Mies']",2014-01-13 16:48:00,FW: ARISE - Inspiration for Defenders of Kronos
77,Hennie Osvaldo,"['Rachel Pantanal', 'Lars Azada', 'Felix Balas', 'Isande Borrasca', 'Axel Calzas', 'Gustav Cazar', 'Lidelse Dedos', 'Birgitta Frente', 'Vira Frente', 'Adra Nubarron', 'Marin Onda', 'Kare Orilla', 'Elsa Orilla', 'Brand Tempestad', 'Ingrid Barranco', 'Ada Campo-Corrente', 'Sten Sanjorge Jr', 'Orhan Strum', 'Willem Vasco-Pais', 'Bertrand Ovan', 'Albina Hafon', 'Benito Hawelon', 'Claudio Hawelon', 'Henk Mies', 'Valeria Morlun', 'Adan Morlun', 'Cecilia Morluniau', 'Irene Nant', 'Dylan Scozzese', 'Lucas Alcazar', 'Isak Baza', 'Linnea Bergen', 'Nils Calixto', 'Sven Flecha', 'Hideki Cocinaro', 'Inga Ferro', 'Loreto Bodrogi', 'Isia Vann', 'Stenig Fusil', 'Hennie Osvaldo', 'Kanon Herrero', 'Varja Lagos', 'Minke Mies', 'Felix Resumir', 'Edvard Vann', 'Emile Arpa', 'Varro Awelon', 'Mat Bramar', 'Dante Coginian', 'Carla Forluniau', 'Linda Lagos', 'Cornelia Lais', 'Ruscella Mies', 'Anda Ribera']",2014-01-13 16:51:00,RE: News on VIP Visit January 20 - Please Read!
78,Loreto Bodrogi,"['Inga Ferro', 'Loreto Bodrogi', 'Isia Vann', 'Hennie Osvaldo', 'Minke Mies']",2014-01-13 19:28:00,RE: FW: ARISE - Inspiration for Defenders of Kronos
79,Inga Ferro,"['Inga Ferro', 'Loreto Bodrogi', 'Isia Vann', 'Hennie Osvaldo', 'Minke Mies']",2014-01-13 19:31:00,RE: FW: ARISE - Inspiration for Defenders of Kronos
80,Isia Vann,"['Inga Ferro', 'Loreto Bodrogi', 'Isia Vann', 'Hennie Osvaldo', 'Minke Mies']",2014-01-13 20:05:00,RE: FW: ARISE - Inspiration for Defenders of Kronos
81,Varja Lagos,"['Minke Mies', 'Isia Vann', 'Hideki Cocinaro', 'Felix Resumir', 'Loreto Bodrogi', 'Kanon Herrero', 'Stenig Fusil', 'Varja Lagos']",2014-01-13 20:42:00,RE: Notification of outside visit
82,Inga Ferro,"['Inga Ferro', 'Loreto Bodrogi', 'Isia Vann', 'Hennie Osvaldo', 'Minke Mies']",2014-01-13 21:33:00,RE: FW: ARISE - Inspiration for Defenders of Kronos
83,Loreto Bodrogi,"['Hideki Cocinaro', 'Varja Lagos', 'Isia Vann']",2014-01-14 08:18:00,Security procedures for January 20 VIP visit
84,Isia Vann,['Rachel Pantanal'],2014-01-14 09:31:00,Did you like the flowers?
85,Mat Bramar,"['Rachel Pantanal', 'Lars Azada', 'Felix Balas', 'Isande Borrasca', 'Axel Calzas', 'Gustav Cazar', 'Lidelse Dedos', 'Birgitta Frente', 'Vira Frente', 'Adra Nubarron', 'Marin Onda', 'Kare Orilla', 'Elsa Orilla', 'Brand Tempestad', 'Ingrid Barranco', 'Ada Campo-Corrente', 'Sten Sanjorge Jr', 'Orhan Strum', 'Willem Vasco-Pais', 'Bertrand Ovan', 'Albina Hafon', 'Benito Hawelon', 'Claudio Hawelon', 'Henk Mies', 'Valeria Morlun', 'Adan Morlun', 'Cecilia Morluniau', 'Irene Nant', 'Dylan Scozzese', 'Lucas Alcazar', 'Isak Baza', 'Linnea Bergen', 'Nils Calixto', 'Sven Flecha', 'Hideki Cocinaro', 'Inga Ferro', 'Loreto Bodrogi', 'Isia Vann', 'Stenig Fusil', 'Hennie Osvaldo', 'Kanon Herrero', 'Varja Lagos', 'Minke Mies', 'Felix Resumir', 'Edvard Vann', 'Emile Arpa', 'Varro Awelon', 'Mat Bramar', 'Dante Coginian', 'Carla Forluniau', 'Linda Lagos', 'Cornelia Lais', 'Ruscella Mies', 'Anda Ribera']",2014-01-14 10:06:00,Mandatory training
86,Varja Lagos,"['Hideki Cocinaro', 'Varja Lagos', 'Isia Vann']",2014-01-14 10:24:00,RE: Security procedures for January 20 VIP visit
87,Varja Lagos,"['Hideki Cocinaro', 'Varja Lagos', 'Isia Vann']",2014-01-14 11:18:00,RE: Security procedures for January 20 VIP visit
88,Hideki Cocinaro,"['Hideki Cocinaro', 'Varja Lagos', 'Isia Vann']",2014-01-14 11:26:00,RE: Security procedures for January 20 VIP visit
89,Ruscella Mies,"['Rachel Pantanal', 'Lars Azada', 'Felix Balas', 'Isande Borrasca', 'Axel Calzas', 'Gustav Cazar', 'Lidelse Dedos', 'Birgitta Frente', 'Vira Frente', 'Adra Nubarron', 'Marin Onda', 'Kare Orilla', 'Elsa Orilla', 'Brand Tempestad', 'Ingrid Barranco', 'Ada Campo-Corrente', 'Sten Sanjorge Jr', 'Orhan Strum', 'Willem Vasco-Pais', 'Bertrand Ovan', 'Albina Hafon', 'Benito Hawelon', 'Claudio Hawelon', 'Henk Mies', 'Valeria Morlun', 'Adan Morlun', 'Cecilia Morluniau', 'Irene Nant', 'Dylan Scozzese', 'Lucas Alcazar', 'Isak Baza', 'Linnea Bergen', 'Nils Calixto', 'Sven Flecha', 'Hideki Cocinaro', 'Inga Ferro', 'Loreto Bodrogi', 'Isia Vann', 'Stenig Fusil', 'Hennie Osvaldo', 'Kanon Herrero', 'Varja Lagos', 'Minke Mies', 'Felix Resumir', 'Edvard Vann', 'Emile Arpa', 'Varro Awelon', 'Mat Bramar', 'Dante Coginian', 'Carla Forluniau', 'Linda Lagos', 'Cornelia Lais', 'Ruscella Mies', 'Anda Ribera']",2014-01-14 12:04:00,Daily morning announcements
90,Isia Vann,"['Hideki Cocinaro', 'Varja Lagos', 'Isia Vann']",2014-01-14 12:11:00,RE: Security procedures for January 20 VIP visit
91,Loreto Bodrogi,"['Rachel Pantanal', 'Lars Azada', 'Felix Balas', 'Isande Borrasca', 'Axel Calzas', 'Gustav Cazar', 'Lidelse Dedos', 'Birgitta Frente', 'Vira Frente', 'Adra Nubarron', 'Marin Onda', 'Kare Orilla', 'Elsa Orilla', 'Brand Tempestad', 'Ingrid Barranco', 'Ada Campo-Corrente', 'Sten Sanjorge Jr', 'Orhan Strum', 'Willem Vasco-Pais', 'Bertrand Ovan', 'Albina Hafon', 'Benito Hawelon', 'Claudio Hawelon', 'Henk Mies', 'Valeria Morlun', 'Adan Morlun', 'Cecilia Morluniau', 'Irene Nant', 'Dylan Scozzese', 'Lucas Alcazar', 'Isak Baza', 'Linnea Bergen', 'Nils Calixto', 'Sven Flecha', 'Hideki Cocinaro', 'Inga Ferro', 'Loreto Bodrogi', 'Isia Vann', 'Stenig Fusil', 'Hennie Osvaldo', 'Kanon Herrero', 'Varja Lagos', 'Minke Mies', 'Felix Resumir', 'Edvard Vann', 'Emile Arpa', 'Varro Awelon', 'Mat Bramar', 'Dante Coginian', 'Carla Forluniau', 'Linda Lagos', 'Cornelia Lais', 'Ruscella Mies', 'Anda Ribera']",2014-01-14 12:29:00,RE: Mandatory training
92,Lucas Alcazar,"['Rachel Pantanal', 'Lars Azada', 'Felix Balas', 'Isande Borrasca', 'Axel Calzas', 'Gustav Cazar', 'Lidelse Dedos', 'Birgitta Frente', 'Vira Frente', 'Adra Nubarron', 'Marin Onda', 'Kare Orilla', 'Elsa Orilla', 'Brand Tempestad', 'Ingrid Barranco', 'Ada Campo-Corrente', 'Sten Sanjorge Jr', 'Orhan Strum', 'Willem Vasco-Pais', 'Bertrand Ovan', 'Albina Hafon', 'Benito Hawelon', 'Claudio Hawelon', 'Henk Mies', 'Valeria Morlun', 'Adan Morlun', 'Cecilia Morluniau', 'Irene Nant', 'Dylan Scozzese', 'Lucas Alcazar', 'Isak Baza', 'Linnea Bergen', 'Nils Calixto', 'Sven Flecha', 'Hideki Cocinaro', 'Inga Ferro', 'Loreto Bodrogi', 'Isia Vann', 'Stenig Fusil', 'Hennie Osvaldo', 'Kanon Herrero', 'Varja Lagos', 'Minke Mies', 'Felix Resumir', 'Edvard Vann', 'Emile Arpa', 'Varro Awelon', 'Mat Bramar', 'Dante Coginian', 'Carla Forluniau', 'Linda Lagos', 'Cornelia Lais', 'Ruscella Mies', 'Anda Ribera']",2014-01-14 12:57:00,RE: Mandatory training
93,Adan Morlun,"['Rachel Pantanal', 'Lars Azada', 'Felix Balas', 'Isande Borrasca', 'Axel Calzas', 'Gustav Cazar', 'Lidelse Dedos', 'Birgitta Frente', 'Vira Frente', 'Adra Nubarron', 'Marin Onda', 'Kare Orilla', 'Elsa Orilla', 'Brand Tempestad', 'Ingrid Barranco', 'Ada Campo-Corrente', 'Sten Sanjorge Jr', 'Orhan Strum', 'Willem Vasco-Pais', 'Bertrand Ovan', 'Albina Hafon', 'Benito Hawelon', 'Claudio Hawelon', 'Henk Mies', 'Valeria Morlun', 'Adan Morlun', 'Cecilia Morluniau', 'Irene Nant', 'Dylan Scozzese', 'Lucas Alcazar', 'Isak Baza', 'Linnea Bergen', 'Nils Calixto', 'Sven Flecha', 'Hideki Cocinaro', 'Inga Ferro', 'Loreto Bodrogi', 'Isia Vann', 'Stenig Fusil', 'Hennie Osvaldo', 'Kanon Herrero', 'Varja Lagos', 'Minke Mies', 'Felix Resumir', 'Edvard Vann', 'Emile Arpa', 'Varro Awelon', 'Mat Bramar', 'Dante Coginian', 'Carla Forluniau', 'Linda Lagos', 'Cornelia Lais', 'Ruscella Mies', 'Anda Ribera']",2014-01-14 13:41:00,RE: Mandatory training
94,Linnea Bergen,"['Inga Ferro', 'Loreto Bodrogi', 'Isia Vann', 'Hennie Osvaldo', 'Minke Mies', 'Ruscella Mies']",2014-01-14 14:33:00,Action: Virus detected on your system
95,Isia Vann,['Rachel Pantanal'],2014-01-14 16:27:00,This weekend?
96,Mat Bramar,"['Rachel Pantanal', 'Lars Azada', 'Felix Balas', 'Isande Borrasca', 'Axel Calzas', 'Gustav Cazar', 'Lidelse Dedos', 'Birgitta Frente', 'Vira Frente', 'Adra Nubarron', 'Marin Onda', 'Kare Orilla', 'Elsa Orilla', 'Brand Tempestad', 'Ingrid Barranco', 'Ada Campo-Corrente', 'Sten Sanjorge Jr', 'Orhan Strum', 'Willem Vasco-Pais', 'Bertrand Ovan', 'Albina Hafon', 'Benito Hawelon', 'Claudio Hawelon', 'Henk Mies', 'Valeria Morlun', 'Adan Morlun', 'Cecilia Morluniau', 'Irene Nant', 'Dylan Scozzese', 'Lucas Alcazar', 'Isak Baza', 'Linnea Bergen', 'Nils Calixto', 'Sven Flecha', 'Hideki Cocinaro', 'Inga Ferro', 'Loreto Bodrogi', 'Isia Vann', 'Stenig Fusil', 'Hennie Osvaldo', 'Kanon Herrero', 'Varja Lagos', 'Minke Mies', 'Felix Resumir', 'Edvard Vann', 'Emile Arpa', 'Varro Awelon', 'Mat Bramar', 'Dante Coginian', 'Carla Forluniau', 'Linda Lagos', 'Cornelia Lais', 'Ruscella Mies', 'Anda Ribera']",2014-01-14 16:54:00,Updated Safety Policies
97,Ruscella Mies,"['Inga Ferro', 'Loreto Bodrogi', 'Isia Vann', 'Hennie Osvaldo', 'Minke Mies', 'Ruscella Mies']",2014-01-14 16:57:00,RE: Action: Virus detected on your system
98,Hennie Osvaldo,"['Inga Ferro', 'Loreto Bodrogi', 'Isia Vann', 'Hennie Osvaldo', 'Minke Mies', 'Ruscella Mies']",2014-01-14 17:09:00,RE: Action: Virus detected on your system
99,Loreto Bodrogi,"['Inga Ferro', 'Loreto Bodrogi', 'Isia Vann', 'Hennie Osvaldo', 'Minke Mies', 'Ruscella Mies']",2014-01-14 17:15:00,RE: Action: Virus detected on your system
100,Inga Ferro,"['Inga Ferro', 'Loreto Bodrogi', 'Isia Vann', 'Hennie Osvaldo', 'Minke Mies', 'Ruscella Mies']",2014-01-14 17:58:00,RE: Action: Virus detected on your system
101,Hennie Osvaldo,"['Inga Ferro', 'Loreto Bodrogi', 'Isia Vann', 'Hennie Osvaldo', 'Minke Mies', 'Ruscella Mies']",2014-01-14 18:45:00,RE: Action: Virus detected on your system
102,Minke Mies,"['Inga Ferro', 'Loreto Bodrogi', 'Isia Vann', 'Hennie Osvaldo', 'Minke Mies', 'Ruscella Mies']",2014-01-14 19:25:00,RE: Action: Virus detected on your system
103,Inga Ferro,"['Inga Ferro', 'Loreto Bodrogi', 'Isia Vann', 'Hennie Osvaldo', 'Minke Mies', 'Ruscella Mies']",2014-01-14 19:33:00,RE: Action: Virus detected on your system
104,Hennie Osvaldo,"['Rachel Pantanal', 'Lars Azada', 'Felix Balas', 'Isande Borrasca', 'Axel Calzas', 'Gustav Cazar', 'Lidelse Dedos', 'Birgitta Frente', 'Vira Frente', 'Adra Nubarron', 'Marin Onda', 'Kare Orilla', 'Elsa Orilla', 'Brand Tempestad', 'Ingrid Barranco', 'Ada Campo-Corrente', 'Sten Sanjorge Jr', 'Orhan Strum', 'Willem Vasco-Pais', 'Bertrand Ovan', 'Albina Hafon', 'Benito Hawelon', 'Claudio Hawelon', 'Henk Mies', 'Valeria Morlun', 'Adan Morlun', 'Cecilia Morluniau', 'Irene Nant', 'Dylan Scozzese', 'Lucas Alcazar', 'Isak Baza', 'Linnea Bergen', 'Nils Calixto', 'Sven Flecha', 'Hideki Cocinaro', 'Inga Ferro', 'Loreto Bodrogi', 'Isia Vann', 'Stenig Fusil', 'Hennie Osvaldo', 'Kanon Herrero', 'Varja Lagos', 'Minke Mies', 'Felix Resumir', 'Edvard Vann', 'Emile Arpa', 'Varro Awelon', 'Mat Bramar', 'Dante Coginian', 'Carla Forluniau', 'Linda Lagos', 'Cornelia Lais', 'Ruscella Mies', 'Anda Ribera']",2014-01-14 20:29:00,RE: Updated Safety Policies
105,Dante Coginian,"['Rachel Pantanal', 'Lars Azada', 'Felix Balas', 'Isande Borrasca', 'Axel Calzas', 'Gustav Cazar', 'Lidelse Dedos', 'Birgitta Frente', 'Vira Frente', 'Adra Nubarron', 'Marin Onda', 'Kare Orilla', 'Elsa Orilla', 'Brand Tempestad', 'Ingrid Barranco', 'Ada Campo-Corrente', 'Sten Sanjorge Jr', 'Orhan Strum', 'Willem Vasco-Pais', 'Bertrand Ovan', 'Albina Hafon', 'Benito Hawelon', 'Claudio Hawelon', 'Henk Mies', 'Valeria Morlun', 'Adan Morlun', 'Cecilia Morluniau', 'Irene Nant', 'Dylan Scozzese', 'Lucas Alcazar', 'Isak Baza', 'Linnea Bergen', 'Nils Calixto', 'Sven Flecha', 'Hideki Cocinaro', 'Inga Ferro', 'Loreto Bodrogi', 'Isia Vann', 'Stenig Fusil', 'Hennie Osvaldo', 'Kanon Herrero', 'Varja Lagos', 'Minke Mies', 'Felix Resumir', 'Edvard Vann', 'Emile Arpa', 'Varro Awelon', 'Mat Bramar', 'Dante Coginian', 'Carla Forluniau', 'Linda Lagos', 'Cornelia Lais', 'Ruscella Mies', 'Anda Ribera']",2014-01-14 20:31:00,RE: Updated Safety Policies
106,Irene Nant,"['Rachel Pantanal', 'Lars Azada', 'Felix Balas', 'Isande Borrasca', 'Axel Calzas', 'Gustav Cazar', 'Lidelse Dedos', 'Birgitta Frente', 'Vira Frente', 'Adra Nubarron', 'Marin Onda', 'Kare Orilla', 'Elsa Orilla', 'Brand Tempestad', 'Ingrid Barranco', 'Ada Campo-Corrente', 'Sten Sanjorge Jr', 'Orhan Strum', 'Willem Vasco-Pais', 'Bertrand Ovan', 'Albina Hafon', 'Benito Hawelon', 'Claudio Hawelon', 'Henk Mies', 'Valeria Morlun', 'Adan Morlun', 'Cecilia Morluniau', 'Irene Nant', 'Dylan Scozzese', 'Lucas Alcazar', 'Isak Baza', 'Linnea Bergen', 'Nils Calixto', 'Sven Flecha', 'Hideki Cocinaro', 'Inga Ferro', 'Loreto Bodrogi', 'Isia Vann', 'Stenig Fusil', 'Hennie Osvaldo', 'Kanon Herrero', 'Varja Lagos', 'Minke Mies', 'Felix Resumir', 'Edvard Vann', 'Emile Arpa', 'Varro Awelon', 'Mat Bramar', 'Dante Coginian', 'Carla Forluniau', 'Linda Lagos', 'Cornelia Lais', 'Ruscella Mies', 'Anda Ribera']",2014-01-14 20:55:00,RE: Updated Safety Policies
107,Ingrid Barranco,"['Rachel Pantanal', 'Lars Azada', 'Felix Balas', 'Isande Borrasca', 'Axel Calzas', 'Gustav Cazar', 'Lidelse Dedos', 'Birgitta Frente', 'Vira Frente', 'Adra Nubarron', 'Marin Onda', 'Kare Orilla', 'Elsa Orilla', 'Brand Tempestad', 'Ingrid Barranco', 'Ada Campo-Corrente', 'Sten Sanjorge Jr', 'Orhan Strum', 'Willem Vasco-Pais', 'Bertrand Ovan', 'Albina Hafon', 'Benito Hawelon', 'Claudio Hawelon', 'Henk Mies', 'Valeria Morlun', 'Adan Morlun', 'Cecilia Morluniau', 'Irene Nant', 'Dylan Scozzese', 'Lucas Alcazar', 'Isak Baza', 'Linnea Bergen', 'Nils Calixto', 'Sven Flecha', 'Hideki Cocinaro', 'Inga Ferro', 'Loreto Bodrogi', 'Isia Vann', 'Stenig Fusil', 'Hennie Osvaldo', 'Kanon Herrero', 'Varja Lagos', 'Minke Mies', 'Felix Resumir', 'Edvard Vann', 'Emile Arpa', 'Varro Awelon', 'Mat Bramar', 'Dante Coginian', 'Carla Forluniau', 'Linda Lagos', 'Cornelia Lais', 'Ruscella Mies', 'Anda Ribera']",2014-01-14 21:00:00,RE: Updated Safety Policies
108,Ruscella Mies,"['Rachel Pantanal', 'Lars Azada', 'Felix Balas', 'Isande Borrasca', 'Axel Calzas', 'Gustav Cazar', 'Lidelse Dedos', 'Birgitta Frente', 'Vira Frente', 'Adra Nubarron', 'Marin Onda', 'Kare Orilla', 'Elsa Orilla', 'Brand Tempestad', 'Ingrid Barranco', 'Ada Campo-Corrente', 'Sten Sanjorge Jr', 'Orhan Strum', 'Willem Vasco-Pais', 'Bertrand Ovan', 'Albina Hafon', 'Benito Hawelon', 'Claudio Hawelon', 'Henk Mies', 'Valeria Morlun', 'Adan Morlun', 'Cecilia Morluniau', 'Irene Nant', 'Dylan Scozzese', 'Lucas Alcazar', 'Isak Baza', 'Linnea Bergen', 'Nils Calixto', 'Sven Flecha', 'Hideki Cocinaro', 'Inga Ferro', 'Loreto Bodrogi', 'Isia Vann', 'Stenig Fusil', 'Hennie Osvaldo', 'Kanon Herrero', 'Varja Lagos', 'Minke Mies', 'Felix Resumir', 'Edvard Vann', 'Emile Arpa', 'Varro Awelon', 'Mat Bramar', 'Dante Coginian', 'Carla Forluniau', 'Linda Lagos', 'Cornelia Lais', 'Ruscella Mies', 'Anda Ribera']",2014-01-15 11:17:00,Daily morning announcements
109,Loreto Bodrogi,"['Isia Vann', 'Edvard Vann', 'Stenig Fusil']",2014-01-15 12:25:00,Inspection request for site
110,Mat Bramar,"['Rachel Pantanal', 'Lars Azada', 'Felix Balas', 'Isande Borrasca', 'Axel Calzas', 'Gustav Cazar', 'Lidelse Dedos', 'Birgitta Frente', 'Vira Frente', 'Adra Nubarron', 'Marin Onda', 'Kare Orilla', 'Elsa Orilla', 'Brand Tempestad', 'Ingrid Barranco', 'Ada Campo-Corrente', 'Sten Sanjorge Jr', 'Orhan Strum', 'Willem Vasco-Pais', 'Bertrand Ovan', 'Albina Hafon', 'Benito Hawelon', 'Claudio Hawelon', 'Henk Mies', 'Valeria Morlun', 'Adan Morlun', 'Cecilia Morluniau', 'Irene Nant', 'Dylan Scozzese', 'Lucas Alcazar', 'Isak Baza', 'Linnea Bergen', 'Nils Calixto', 'Sven Flecha', 'Hideki Cocinaro', 'Inga Ferro', 'Loreto Bodrogi', 'Isia Vann', 'Stenig Fusil', 'Hennie Osvaldo', 'Kanon Herrero', 'Varja Lagos', 'Minke Mies', 'Felix Resumir', 'Edvard Vann', 'Emile Arpa', 'Varro Awelon', 'Mat Bramar', 'Dante Coginian', 'Carla Forluniau', 'Linda Lagos', 'Cornelia Lais', 'Ruscella Mies', 'Anda Ribera']",2014-01-15 12:43:00,Reminder: Refer all media inquiries
111,Mat Bramar,"['Rachel Pantanal', 'Lars Azada', 'Felix Balas', 'Isande Borrasca', 'Axel Calzas', 'Gustav Cazar', 'Lidelse Dedos', 'Birgitta Frente', 'Vira Frente', 'Adra Nubarron', 'Marin Onda', 'Kare Orilla', 'Elsa Orilla', 'Brand Tempestad', 'Ingrid Barranco', 'Ada Campo-Corrente', 'Sten Sanjorge Jr', 'Orhan Strum', 'Willem Vasco-Pais', 'Bertrand Ovan', 'Albina Hafon', 'Benito Hawelon', 'Claudio Hawelon', 'Henk Mies', 'Valeria Morlun', 'Adan Morlun', 'Cecilia Morluniau', 'Irene Nant', 'Dylan Scozzese', 'Lucas Alcazar', 'Isak Baza', 'Linnea Bergen', 'Nils Calixto', 'Sven Flecha', 'Hideki Cocinaro', 'Inga Ferro', 'Loreto Bodrogi', 'Isia Vann', 'Stenig Fusil', 'Hennie Osvaldo', 'Kanon Herrero', 'Varja Lagos', 'Minke Mies', 'Felix Resumir', 'Edvard Vann', 'Emile Arpa', 'Varro Awelon', 'Mat Bramar', 'Dante Coginian', 'Carla Forluniau', 'Linda Lagos', 'Cornelia Lais', 'Ruscella Mies', 'Anda Ribera']",2014-01-15 13:13:00,Employee of the month
112,Isia Vann,['Rachel Pantanal'],2014-01-15 14:33:00,This weekend?
113,Mat Bramar,"['Rachel Pantanal', 'Lars Azada', 'Felix Balas', 'Isande Borrasca', 'Axel Calzas', 'Gustav Cazar', 'Lidelse Dedos', 'Birgitta Frente', 'Vira Frente', 'Adra Nubarron', 'Marin Onda', 'Kare Orilla', 'Elsa Orilla', 'Brand Tempestad', 'Ingrid Barranco', 'Ada Campo-Corrente', 'Sten Sanjorge Jr', 'Orhan Strum', 'Willem Vasco-Pais', 'Bertrand Ovan', 'Albina Hafon', 'Benito Hawelon', 'Claudio Hawelon', 'Henk Mies', 'Valeria Morlun', 'Adan Morlun', 'Cecilia Morluniau', 'Irene Nant', 'Dylan Scozzese', 'Lucas Alcazar', 'Isak Baza', 'Linnea Bergen', 'Nils Calixto', 'Sven Flecha', 'Hideki Cocinaro', 'Inga Ferro', 'Loreto Bodrogi', 'Isia Vann', 'Stenig Fusil', 'Hennie Osvaldo', 'Kanon Herrero', 'Varja Lagos', 'Minke Mies', 'Felix Resumir', 'Edvard Vann', 'Emile Arpa', 'Varro Awelon', 'Mat Bramar', 'Dante Coginian', 'Carla Forluniau', 'Linda Lagos', 'Cornelia Lais', 'Ruscella Mies', 'Anda Ribera']",2014-01-15 15:02:00,Equipment audit approaching
114,Ingrid Barranco,"['Rachel Pantanal', 'Lars Azada', 'Felix Balas', 'Isande Borrasca', 'Axel Calzas', 'Gustav Cazar', 'Lidelse Dedos', 'Birgitta Frente', 'Vira Frente', 'Adra Nubarron', 'Marin Onda', 'Kare Orilla', 'Elsa Orilla', 'Brand Tempestad', 'Ingrid Barranco', 'Ada Campo-Corrente', 'Sten Sanjorge Jr', 'Orhan Strum', 'Willem Vasco-Pais', 'Bertrand Ovan', 'Albina Hafon', 'Benito Hawelon', 'Claudio Hawelon', 'Henk Mies', 'Valeria Morlun', 'Adan Morlun', 'Cecilia Morluniau', 'Irene Nant', 'Dylan Scozzese', 'Lucas Alcazar', 'Isak Baza', 'Linnea Bergen', 'Nils Calixto', 'Sven Flecha', 'Hideki Cocinaro', 'Inga Ferro', 'Loreto Bodrogi', 'Isia Vann', 'Stenig Fusil', 'Hennie Osvaldo', 'Kanon Herrero', 'Varja Lagos', 'Minke Mies', 'Felix Resumir', 'Edvard Vann', 'Emile Arpa', 'Varro Awelon', 'Mat Bramar', 'Dante Coginian', 'Carla Forluniau', 'Linda Lagos', 'Cornelia Lais', 'Ruscella Mies', 'Anda Ribera']",2014-01-15 15:04:00,RE: Employee of the month
115,Minke Mies,"['Rachel Pantanal', 'Lars Azada', 'Felix Balas', 'Isande Borrasca', 'Axel Calzas', 'Gustav Cazar', 'Lidelse Dedos', 'Birgitta Frente', 'Vira Frente', 'Adra Nubarron', 'Marin Onda', 'Kare Orilla', 'Elsa Orilla', 'Brand Tempestad', 'Ingrid Barranco', 'Ada Campo-Corrente', 'Sten Sanjorge Jr', 'Orhan Strum', 'Willem Vasco-Pais', 'Bertrand Ovan', 'Albina Hafon', 'Benito Hawelon', 'Claudio Hawelon', 'Henk Mies', 'Valeria Morlun', 'Adan Morlun', 'Cecilia Morluniau', 'Irene Nant', 'Dylan Scozzese', 'Lucas Alcazar', 'Isak Baza', 'Linnea Bergen', 'Nils Calixto', 'Sven Flecha', 'Hideki Cocinaro', 'Inga Ferro', 'Loreto Bodrogi', 'Isia Vann', 'Stenig Fusil', 'Hennie Osvaldo', 'Kanon Herrero', 'Varja Lagos', 'Minke Mies', 'Felix Resumir', 'Edvard Vann', 'Emile Arpa', 'Varro Awelon', 'Mat Bramar', 'Dante Coginian', 'Carla Forluniau', 'Linda Lagos', 'Cornelia Lais', 'Ruscella Mies', 'Anda Ribera']",2014-01-15 15:33:00,RE: Employee of the month
116,Claudio Hawelon,"['Rachel Pantanal', 'Lars Azada', 'Felix Balas', 'Isande Borrasca', 'Axel Calzas', 'Gustav Cazar', 'Lidelse Dedos', 'Birgitta Frente', 'Vira Frente', 'Adra Nubarron', 'Marin Onda', 'Kare Orilla', 'Elsa Orilla', 'Brand Tempestad', 'Ingrid Barranco', 'Ada Campo-Corrente', 'Sten Sanjorge Jr', 'Orhan Strum', 'Willem Vasco-Pais', 'Bertrand Ovan', 'Albina Hafon', 'Benito Hawelon', 'Claudio Hawelon', 'Henk Mies', 'Valeria Morlun', 'Adan Morlun', 'Cecilia Morluniau', 'Irene Nant', 'Dylan Scozzese', 'Lucas Alcazar', 'Isak Baza', 'Linnea Bergen', 'Nils Calixto', 'Sven Flecha', 'Hideki Cocinaro', 'Inga Ferro', 'Loreto Bodrogi', 'Isia Vann', 'Stenig Fusil', 'Hennie Osvaldo', 'Kanon Herrero', 'Varja Lagos', 'Minke Mies', 'Felix Resumir', 'Edvard Vann', 'Emile Arpa', 'Varro Awelon', 'Mat Bramar', 'Dante Coginian', 'Carla Forluniau', 'Linda Lagos', 'Cornelia Lais', 'Ruscella Mies', 'Anda Ribera']",2014-01-15 16:17:00,RE: Reminder: Refer all media inquiries
117,Axel Calzas,"['Rachel Pantanal', 'Lars Azada', 'Felix Balas', 'Isande Borrasca', 'Axel Calzas', 'Gustav Cazar', 'Lidelse Dedos', 'Birgitta Frente', 'Vira Frente', 'Adra Nubarron', 'Marin Onda', 'Kare Orilla', 'Elsa Orilla', 'Brand Tempestad', 'Ingrid Barranco', 'Ada Campo-Corrente', 'Sten Sanjorge Jr', 'Orhan Strum', 'Willem Vasco-Pais', 'Bertrand Ovan', 'Albina Hafon', 'Benito Hawelon', 'Claudio Hawelon', 'Henk Mies', 'Valeria Morlun', 'Adan Morlun', 'Cecilia Morluniau', 'Irene Nant', 'Dylan Scozzese', 'Lucas Alcazar', 'Isak Baza', 'Linnea Bergen', 'Nils Calixto', 'Sven Flecha', 'Hideki Cocinaro', 'Inga Ferro', 'Loreto Bodrogi', 'Isia Vann', 'Stenig Fusil', 'Hennie Osvaldo', 'Kanon Herrero', 'Varja Lagos', 'Minke Mies', 'Felix Resumir', 'Edvard Vann', 'Emile Arpa', 'Varro Awelon', 'Mat Bramar', 'Dante Coginian', 'Carla Forluniau', 'Linda Lagos', 'Cornelia Lais', 'Ruscella Mies', 'Anda Ribera']",2014-01-15 16:23:00,RE: Employee of the month
118,Inga Ferro,"['Rachel Pantanal', 'Lars Azada', 'Felix Balas', 'Isande Borrasca', 'Axel Calzas', 'Gustav Cazar', 'Lidelse Dedos', 'Birgitta Frente', 'Vira Frente', 'Adra Nubarron', 'Marin Onda', 'Kare Orilla', 'Elsa Orilla', 'Brand Tempestad', 'Ingrid Barranco', 'Ada Campo-Corrente', 'Sten Sanjorge Jr', 'Orhan Strum', 'Willem Vasco-Pais', 'Bertrand Ovan', 'Albina Hafon', 'Benito Hawelon', 'Claudio Hawelon', 'Henk Mies', 'Valeria Morlun', 'Adan Morlun', 'Cecilia Morluniau', 'Irene Nant', 'Dylan Scozzese', 'Lucas Alcazar', 'Isak Baza', 'Linnea Bergen', 'Nils Calixto', 'Sven Flecha', 'Hideki Cocinaro', 'Inga Ferro', 'Loreto Bodrogi', 'Isia Vann', 'Stenig Fusil', 'Hennie Osvaldo', 'Kanon Herrero', 'Varja Lagos', 'Minke Mies', 'Felix Resumir', 'Edvard Vann', 'Emile Arpa', 'Varro Awelon', 'Mat Bramar', 'Dante Coginian', 'Carla Forluniau', 'Linda Lagos', 'Cornelia Lais', 'Ruscella Mies', 'Anda Ribera']",2014-01-15 17:00:00,RE: Equipment audit approaching
119,Anda Ribera,"['Rachel Pantanal', 'Lars Azada', 'Felix Balas', 'Isande Borrasca', 'Axel Calzas', 'Gustav Cazar', 'Lidelse Dedos', 'Birgitta Frente', 'Vira Frente', 'Adra Nubarron', 'Marin Onda', 'Kare Orilla', 'Elsa Orilla', 'Brand Tempestad', 'Ingrid Barranco', 'Ada Campo-Corrente', 'Sten Sanjorge Jr', 'Orhan Strum', 'Willem Vasco-Pais', 'Bertrand Ovan', 'Albina Hafon', 'Benito Hawelon', 'Claudio Hawelon', 'Henk Mies', 'Valeria Morlun', 'Adan Morlun', 'Cecilia Morluniau', 'Irene Nant', 'Dylan Scozzese', 'Lucas Alcazar', 'Isak Baza', 'Linnea Bergen', 'Nils Calixto', 'Sven Flecha', 'Hideki Cocinaro', 'Inga Ferro', 'Loreto Bodrogi', 'Isia Vann', 'Stenig Fusil', 'Hennie Osvaldo', 'Kanon Herrero', 'Varja Lagos', 'Minke Mies', 'Felix Resumir', 'Edvard Vann', 'Emile Arpa', 'Varro Awelon', 'Mat Bramar', 'Dante Coginian', 'Carla Forluniau', 'Linda Lagos', 'Cornelia Lais', 'Ruscella Mies', 'Anda Ribera']",2014-01-15 17:08:00,RE: Reminder: Refer all media inquiries
120,Inga Ferro,"['Rachel Pantanal', 'Lars Azada', 'Felix Balas', 'Isande Borrasca', 'Axel Calzas', 'Gustav Cazar', 'Lidelse Dedos', 'Birgitta Frente', 'Vira Frente', 'Adra Nubarron', 'Marin Onda', 'Kare Orilla', 'Elsa Orilla', 'Brand Tempestad', 'Ingrid Barranco', 'Ada Campo-Corrente', 'Sten Sanjorge Jr', 'Orhan Strum', 'Willem Vasco-Pais', 'Bertrand Ovan', 'Albina Hafon', 'Benito Hawelon', 'Claudio Hawelon', 'Henk Mies', 'Valeria Morlun', 'Adan Morlun', 'Cecilia Morluniau', 'Irene Nant', 'Dylan Scozzese', 'Lucas Alcazar', 'Isak Baza', 'Linnea Bergen', 'Nils Calixto', 'Sven Flecha', 'Hideki Cocinaro', 'Inga Ferro', 'Loreto Bodrogi', 'Isia Vann', 'Stenig Fusil', 'Hennie Osvaldo', 'Kanon Herrero', 'Varja Lagos', 'Minke Mies', 'Felix Resumir', 'Edvard Vann', 'Emile Arpa', 'Varro Awelon', 'Mat Bramar', 'Dante Coginian', 'Carla Forluniau', 'Linda Lagos', 'Cornelia Lais', 'Ruscella Mies', 'Anda Ribera']",2014-01-15 17:21:00,RE: Reminder: Refer all media inquiries
121,Varro Awelon,"['Rachel Pantanal', 'Lars Azada', 'Felix Balas', 'Isande Borrasca', 'Axel Calzas', 'Gustav Cazar', 'Lidelse Dedos', 'Birgitta Frente', 'Vira Frente', 'Adra Nubarron', 'Marin Onda', 'Kare Orilla', 'Elsa Orilla', 'Brand Tempestad', 'Ingrid Barranco', 'Ada Campo-Corrente', 'Sten Sanjorge Jr', 'Orhan Strum', 'Willem Vasco-Pais', 'Bertrand Ovan', 'Albina Hafon', 'Benito Hawelon', 'Claudio Hawelon', 'Henk Mies', 'Valeria Morlun', 'Adan Morlun', 'Cecilia Morluniau', 'Irene Nant', 'Dylan Scozzese', 'Lucas Alcazar', 'Isak Baza', 'Linnea Bergen', 'Nils Calixto', 'Sven Flecha', 'Hideki Cocinaro', 'Inga Ferro', 'Loreto Bodrogi', 'Isia Vann', 'Stenig Fusil', 'Hennie Osvaldo', 'Kanon Herrero', 'Varja Lagos', 'Minke Mies', 'Felix Resumir', 'Edvard Vann', 'Emile Arpa', 'Varro Awelon', 'Mat Bramar', 'Dante Coginian', 'Carla Forluniau', 'Linda Lagos', 'Cornelia Lais', 'Ruscella Mies', 'Anda Ribera']",2014-01-15 17:49:00,RE: Equipment audit approaching
122,Ingrid Barranco,"['Rachel Pantanal', 'Lars Azada', 'Felix Balas', 'Isande Borrasca', 'Axel Calzas', 'Gustav Cazar', 'Lidelse Dedos', 'Birgitta Frente', 'Vira Frente', 'Adra Nubarron', 'Marin Onda', 'Kare Orilla', 'Elsa Orilla', 'Brand Tempestad', 'Ingrid Barranco', 'Ada Campo-Corrente', 'Sten Sanjorge Jr', 'Orhan Strum', 'Willem Vasco-Pais', 'Bertrand Ovan', 'Albina Hafon', 'Benito Hawelon', 'Claudio Hawelon', 'Henk Mies', 'Valeria Morlun', 'Adan Morlun', 'Cecilia Morluniau', 'Irene Nant', 'Dylan Scozzese', 'Lucas Alcazar', 'Isak Baza', 'Linnea Bergen', 'Nils Calixto', 'Sven Flecha', 'Hideki Cocinaro', 'Inga Ferro', 'Loreto Bodrogi', 'Isia Vann', 'Stenig Fusil', 'Hennie Osvaldo', 'Kanon Herrero', 'Varja Lagos', 'Minke Mies', 'Felix Resumir', 'Edvard Vann', 'Emile Arpa', 'Varro Awelon', 'Mat Bramar', 'Dante Coginian', 'Carla Forluniau', 'Linda Lagos', 'Cornelia Lais', 'Ruscella Mies', 'Anda Ribera']",2014-01-15 18:04:00,RE: Reminder: Refer all media inquiries
123,Isande Borrasca,"['Rachel Pantanal', 'Lars Azada', 'Felix Balas', 'Isande Borrasca', 'Axel Calzas', 'Gustav Cazar', 'Lidelse Dedos', 'Birgitta Frente', 'Vira Frente', 'Adra Nubarron', 'Marin Onda', 'Kare Orilla', 'Elsa Orilla', 'Brand Tempestad', 'Ingrid Barranco', 'Ada Campo-Corrente', 'Sten Sanjorge Jr', 'Orhan Strum', 'Willem Vasco-Pais', 'Bertrand Ovan', 'Albina Hafon', 'Benito Hawelon', 'Claudio Hawelon', 'Henk Mies', 'Valeria Morlun', 'Adan Morlun', 'Cecilia Morluniau', 'Irene Nant', 'Dylan Scozzese', 'Lucas Alcazar', 'Isak Baza', 'Linnea Bergen', 'Nils Calixto', 'Sven Flecha', 'Hideki Cocinaro', 'Inga Ferro', 'Loreto Bodrogi', 'Isia Vann', 'Stenig Fusil', 'Hennie Osvaldo', 'Kanon Herrero', 'Varja Lagos', 'Minke Mies', 'Felix Resumir', 'Edvard Vann', 'Emile Arpa', 'Varro Awelon', 'Mat Bramar', 'Dante Coginian', 'Carla Forluniau', 'Linda Lagos', 'Cornelia Lais', 'Ruscella Mies', 'Anda Ribera']",2014-01-15 18:14:00,RE: Equipment audit approaching
124,Mat Bramar,"['Rachel Pantanal', 'Lars Azada', 'Felix Balas', 'Isande Borrasca', 'Axel Calzas', 'Gustav Cazar', 'Lidelse Dedos', 'Birgitta Frente', 'Vira Frente', 'Adra Nubarron', 'Marin Onda', 'Kare Orilla', 'Elsa Orilla', 'Brand Tempestad', 'Ingrid Barranco', 'Ada Campo-Corrente', 'Sten Sanjorge Jr', 'Orhan Strum', 'Willem Vasco-Pais', 'Bertrand Ovan', 'Albina Hafon', 'Benito Hawelon', 'Claudio Hawelon', 'Henk Mies', 'Valeria Morlun', 'Adan Morlun', 'Cecilia Morluniau', 'Irene Nant', 'Dylan Scozzese', 'Lucas Alcazar', 'Isak Baza', 'Linnea Bergen', 'Nils Calixto', 'Sven Flecha', 'Hideki Cocinaro', 'Inga Ferro', 'Loreto Bodrogi', 'Isia Vann', 'Stenig Fusil', 'Hennie Osvaldo', 'Kanon Herrero', 'Varja Lagos', 'Minke Mies', 'Felix Resumir', 'Edvard Vann', 'Emile Arpa', 'Varro Awelon', 'Mat Bramar', 'Dante Coginian', 'Carla Forluniau', 'Linda Lagos', 'Cornelia Lais', 'Ruscella Mies', 'Anda Ribera']",2014-01-16 09:02:00,Overtime policy reminder
125,Edvard Vann,"['Hennie Osvaldo', 'Isia Vann']",2014-01-16 10:30:00,Vacation scheduling procedures
126,Ruscella Mies,"['Rachel Pantanal', 'Lars Azada', 'Felix Balas', 'Isande Borrasca', 'Axel Calzas', 'Gustav Cazar', 'Lidelse Dedos', 'Birgitta Frente', 'Vira Frente', 'Adra Nubarron', 'Marin Onda', 'Kare Orilla', 'Elsa Orilla', 'Brand Tempestad', 'Ingrid Barranco', 'Ada Campo-Corrente', 'Sten Sanjorge Jr', 'Orhan Strum', 'Willem Vasco-Pais', 'Bertrand Ovan', 'Albina Hafon', 'Benito Hawelon', 'Claudio Hawelon', 'Henk Mies', 'Valeria Morlun', 'Adan Morlun', 'Cecilia Morluniau', 'Irene Nant', 'Dylan Scozzese', 'Lucas Alcazar', 'Isak Baza', 'Linnea Bergen', 'Nils Calixto', 'Sven Flecha', 'Hideki Cocinaro', 'Inga Ferro', 'Loreto Bodrogi', 'Isia Vann', 'Stenig Fusil', 'Hennie Osvaldo', 'Kanon Herrero', 'Varja Lagos', 'Minke Mies', 'Felix Resumir', 'Edvard Vann', 'Emile Arpa', 'Varro Awelon', 'Mat Bramar', 'Dante Coginian', 'Carla Forluniau', 'Linda Lagos', 'Cornelia Lais', 'Ruscella Mies', 'Anda Ribera']",2014-01-16 11:09:00,"Good morning, GasTech!"
127,Mat Bramar,"['Rachel Pantanal', 'Lars Azada', 'Felix Balas', 'Isande Borrasca', 'Axel Calzas', 'Gustav Cazar', 'Lidelse Dedos', 'Birgitta Frente', 'Vira Frente', 'Adra Nubarron', 'Marin Onda', 'Kare Orilla', 'Elsa Orilla', 'Brand Tempestad', 'Ingrid Barranco', 'Ada Campo-Corrente', 'Sten Sanjorge Jr', 'Orhan Strum', 'Willem Vasco-Pais', 'Bertrand Ovan', 'Albina Hafon', 'Benito Hawelon', 'Claudio Hawelon', 'Henk Mies', 'Valeria Morlun', 'Adan Morlun', 'Cecilia Morluniau', 'Irene Nant', 'Dylan Scozzese', 'Lucas Alcazar', 'Isak Baza', 'Linnea Bergen', 'Nils Calixto', 'Sven Flecha', 'Hideki Cocinaro', 'Inga Ferro', 'Loreto Bodrogi', 'Isia Vann', 'Stenig Fusil', 'Hennie Osvaldo', 'Kanon Herrero', 'Varja Lagos', 'Minke Mies', 'Felix Resumir', 'Edvard Vann', 'Emile Arpa', 'Varro Awelon', 'Mat Bramar', 'Dante Coginian', 'Carla Forluniau', 'Linda Lagos', 'Cornelia Lais', 'Ruscella Mies', 'Anda Ribera']",2014-01-16 11:36:00,Registration open: retirement planning seminar
128,Adra Nubarron,"['Rachel Pantanal', 'Lars Azada', 'Felix Balas', 'Isande Borrasca', 'Axel Calzas', 'Gustav Cazar', 'Lidelse Dedos', 'Birgitta Frente', 'Vira Frente', 'Adra Nubarron', 'Marin Onda', 'Kare Orilla', 'Elsa Orilla', 'Brand Tempestad', 'Ingrid Barranco', 'Ada Campo-Corrente', 'Sten Sanjorge Jr', 'Orhan Strum', 'Willem Vasco-Pais', 'Bertrand Ovan', 'Albina Hafon', 'Benito Hawelon', 'Claudio Hawelon', 'Henk Mies', 'Valeria Morlun', 'Adan Morlun', 'Cecilia Morluniau', 'Irene Nant', 'Dylan Scozzese', 'Lucas Alcazar', 'Isak Baza', 'Linnea Bergen', 'Nils Calixto', 'Sven Flecha', 'Hideki Cocinaro', 'Inga Ferro', 'Loreto Bodrogi', 'Isia Vann', 'Stenig Fusil', 'Hennie Osvaldo', 'Kanon Herrero', 'Varja Lagos', 'Minke Mies', 'Felix Resumir', 'Edvard Vann', 'Emile Arpa', 'Varro Awelon', 'Mat Bramar', 'Dante Coginian', 'Carla Forluniau', 'Linda Lagos', 'Cornelia Lais', 'Ruscella Mies', 'Anda Ribera']",2014-01-16 12:27:00,RE: Registration open: retirement planning seminar
129,Isia Vann,"['Hennie Osvaldo', 'Isia Vann']",2014-01-16 13:38:00,RE: Vacation scheduling procedures
130,Isia Vann,"['Hennie Osvaldo', 'Isia Vann']",2014-01-16 13:42:00,RE: Vacation scheduling procedures
131,Willem Vasco-Pais,"['Rachel Pantanal', 'Lars Azada', 'Felix Balas', 'Isande Borrasca', 'Axel Calzas', 'Gustav Cazar', 'Lidelse Dedos', 'Birgitta Frente', 'Vira Frente', 'Adra Nubarron', 'Marin Onda', 'Kare Orilla', 'Elsa Orilla', 'Brand Tempestad', 'Ingrid Barranco', 'Ada Campo-Corrente', 'Sten Sanjorge Jr', 'Orhan Strum', 'Willem Vasco-Pais', 'Bertrand Ovan', 'Albina Hafon', 'Benito Hawelon', 'Claudio Hawelon', 'Henk Mies', 'Valeria Morlun', 'Adan Morlun', 'Cecilia Morluniau', 'Irene Nant', 'Dylan Scozzese', 'Lucas Alcazar', 'Isak Baza', 'Linnea Bergen', 'Nils Calixto', 'Sven Flecha', 'Hideki Cocinaro', 'Inga Ferro', 'Loreto Bodrogi', 'Isia Vann', 'Stenig Fusil', 'Hennie Osvaldo', 'Kanon Herrero', 'Varja Lagos', 'Minke Mies', 'Felix Resumir', 'Edvard Vann', 'Emile Arpa', 'Varro Awelon', 'Mat Bramar', 'Dante Coginian', 'Carla Forluniau', 'Linda Lagos', 'Cornelia Lais', 'Ruscella Mies', 'Anda Ribera']",2014-01-16 13:44:00,RE: Registration open: retirement planning seminar
132,Hennie Osvaldo,"['Hennie Osvaldo', 'Isia Vann']",2014-01-16 13:53:00,RE: Vacation scheduling procedures
133,Edvard Vann,"['Felix Resumir', 'Varja Lagos', 'Edvard Vann', 'Hideki Cocinaro', 'Isia Vann', 'Inga Ferro', 'Loreto Bodrogi', 'Kanon Herrero', 'Hennie Osvaldo', 'Minke Mies']",2014-01-16 15:11:00,Resolution of incident
134,Hennie Osvaldo,"['Hennie Osvaldo', 'Isia Vann']",2014-01-16 15:16:00,RE: Vacation scheduling procedures
135,Kanon Herrero,"['Kanon Herrero', 'Hennie Osvaldo', 'Inga Ferro', 'Felix Resumir', 'Edvard Vann', 'Loreto Bodrogi', 'Minke Mies', 'Isia Vann', 'Varja Lagos']",2014-01-16 16:25:00,Inspection request for site
136,Inga Ferro,"['Kanon Herrero', 'Hennie Osvaldo', 'Inga Ferro', 'Felix Resumir', 'Edvard Vann', 'Loreto Bodrogi', 'Minke Mies', 'Isia Vann', 'Varja Lagos']",2014-01-16 18:39:00,RE: Inspection request for site
137,Varja Lagos,"['Kanon Herrero', 'Hennie Osvaldo', 'Inga Ferro', 'Felix Resumir', 'Edvard Vann', 'Loreto Bodrogi', 'Minke Mies', 'Isia Vann', 'Varja Lagos']",2014-01-16 20:40:00,RE: Inspection request for site
138,Mat Bramar,"['Rachel Pantanal', 'Lars Azada', 'Felix Balas', 'Isande Borrasca', 'Axel Calzas', 'Gustav Cazar', 'Lidelse Dedos', 'Birgitta Frente', 'Vira Frente', 'Adra Nubarron', 'Marin Onda', 'Kare Orilla', 'Elsa Orilla', 'Brand Tempestad', 'Ingrid Barranco', 'Ada Campo-Corrente', 'Sten Sanjorge Jr', 'Orhan Strum', 'Willem Vasco-Pais', 'Bertrand Ovan', 'Albina Hafon', 'Benito Hawelon', 'Claudio Hawelon', 'Henk Mies', 'Valeria Morlun', 'Adan Morlun', 'Cecilia Morluniau', 'Irene Nant', 'Dylan Scozzese', 'Lucas Alcazar', 'Isak Baza', 'Linnea Bergen', 'Nils Calixto', 'Sven Flecha', 'Hideki Cocinaro', 'Inga Ferro', 'Loreto Bodrogi', 'Isia Vann', 'Stenig Fusil', 'Hennie Osvaldo', 'Kanon Herrero', 'Varja Lagos', 'Minke Mies', 'Felix Resumir', 'Edvard Vann', 'Emile Arpa', 'Varro Awelon', 'Mat Bramar', 'Dante Coginian', 'Carla Forluniau', 'Linda Lagos', 'Cornelia Lais', 'Ruscella Mies', 'Anda Ribera']",2014-01-17 14:21:00,Reorganization
139,Ruscella Mies,"['Rachel Pantanal', 'Lars Azada', 'Felix Balas', 'Isande Borrasca', 'Axel Calzas', 'Gustav Cazar', 'Lidelse Dedos', 'Birgitta Frente', 'Vira Frente', 'Adra Nubarron', 'Marin Onda', 'Kare Orilla', 'Elsa Orilla', 'Brand Tempestad', 'Ingrid Barranco', 'Ada Campo-Corrente', 'Sten Sanjorge Jr', 'Orhan Strum', 'Willem Vasco-Pais', 'Bertrand Ovan', 'Albina Hafon', 'Benito Hawelon', 'Claudio Hawelon', 'Henk Mies', 'Valeria Morlun', 'Adan Morlun', 'Cecilia Morluniau', 'Irene Nant', 'Dylan Scozzese', 'Lucas Alcazar', 'Isak Baza', 'Linnea Bergen', 'Nils Calixto', 'Sven Flecha', 'Hideki Cocinaro', 'Inga Ferro', 'Loreto Bodrogi', 'Isia Vann', 'Stenig Fusil', 'Hennie Osvaldo', 'Kanon Herrero', 'Varja Lagos', 'Minke Mies', 'Felix Resumir', 'Edvard Vann', 'Emile Arpa', 'Varro Awelon', 'Mat Bramar', 'Dante Coginian', 'Carla Forluniau', 'Linda Lagos', 'Cornelia Lais', 'Ruscella Mies', 'Anda Ribera']",2014-01-17 14:46:00,"Good morning, GasTech!"
140,Dylan Scozzese,"['Rachel Pantanal', 'Lars Azada', 'Felix Balas', 'Isande Borrasca', 'Axel Calzas', 'Gustav Cazar', 'Lidelse Dedos', 'Birgitta Frente', 'Vira Frente', 'Adra Nubarron', 'Marin Onda', 'Kare Orilla', 'Elsa Orilla', 'Brand Tempestad', 'Ingrid Barranco', 'Ada Campo-Corrente', 'Sten Sanjorge Jr', 'Orhan Strum', 'Willem Vasco-Pais', 'Bertrand Ovan', 'Albina Hafon', 'Benito Hawelon', 'Claudio Hawelon', 'Henk Mies', 'Valeria Morlun', 'Adan Morlun', 'Cecilia Morluniau', 'Irene Nant', 'Dylan Scozzese', 'Lucas Alcazar', 'Isak Baza', 'Linnea Bergen', 'Nils Calixto', 'Sven Flecha', 'Hideki Cocinaro', 'Inga Ferro', 'Loreto Bodrogi', 'Isia Vann', 'Stenig Fusil', 'Hennie Osvaldo', 'Kanon Herrero', 'Varja Lagos', 'Minke Mies', 'Felix Resumir', 'Edvard Vann', 'Emile Arpa', 'Varro Awelon', 'Mat Bramar', 'Dante Coginian', 'Carla Forluniau', 'Linda Lagos', 'Cornelia Lais', 'Ruscella Mies', 'Anda Ribera']",2014-01-17 15:52:00,RE: Reorganization
141,Ingrid Barranco,"['Rachel Pantanal', 'Lars Azada', 'Felix Balas', 'Isande Borrasca', 'Axel Calzas', 'Gustav Cazar', 'Lidelse Dedos', 'Birgitta Frente', 'Vira Frente', 'Adra Nubarron', 'Marin Onda', 'Kare Orilla', 'Elsa Orilla', 'Brand Tempestad', 'Ingrid Barranco', 'Ada Campo-Corrente', 'Sten Sanjorge Jr', 'Orhan Strum', 'Willem Vasco-Pais', 'Bertrand Ovan', 'Albina Hafon', 'Benito Hawelon', 'Claudio Hawelon', 'Henk Mies', 'Valeria Morlun', 'Adan Morlun', 'Cecilia Morluniau', 'Irene Nant', 'Dylan Scozzese', 'Lucas Alcazar', 'Isak Baza', 'Linnea Bergen', 'Nils Calixto', 'Sven Flecha', 'Hideki Cocinaro', 'Inga Ferro', 'Loreto Bodrogi', 'Isia Vann', 'Stenig Fusil', 'Hennie Osvaldo', 'Kanon Herrero', 'Varja Lagos', 'Minke Mies', 'Felix Resumir', 'Edvard Vann', 'Emile Arpa', 'Varro Awelon', 'Mat Bramar', 'Dante Coginian', 'Carla Forluniau', 'Linda Lagos', 'Cornelia Lais', 'Ruscella Mies', 'Anda Ribera']",2014-01-17 16:46:00,RE: Reorganization
